0,100
1,9
2,11
3,2.0667
4,6.31
5,1290
6,600
7,239.55
8,8.8
9,27
10,41
11,0.0105
12,80
13,56
14,108
15,8172
16,16.4
17,42
18,300
19,10.72
20,675
21,5.09
22,100
23,40
24,138
25,53.33
26,6.33
27,64
28,1
29,1950
30,1.2
31,12
32,36
33,720
34,66
35,0.35
36,261
37,4
38,0.5
39,76
40,400
41,24
42,6.94
43,500
44,96
45,16.72
46,95
47,288
48,140
49,280
50,656
51,9
52,5400
53,280
54,778.67
55,120
56,394
57,4875
58,1056
59,2
60,13.63
61,1201
62,1300
63,738
64,1176
65,705
66,11600.4
67,171.43
68,3360
69,255
70,41.6
71,4.07
72,6600
73,0.5
74,125
75,25
76,3.14
77,0.1
78,37.714286
79,406
80,6.1
81,34
82,7
83,196
84,195
85,25%
86,14.73
87,141.43
88,138
89,474
90,6
91,20
92,28
93,1735
94,400
95,2
96,8
97,16
98,14
99,260
100,2057.6
101,10
102,3
103,13.5
104,60
105,75
106,0.555556
107,450
108,7.9
109,0.033333
110,0.4
111,1200
112,560
113,159
114,19.714286
115,1740
116,4435
117,623
118,192
119,124
120,1.54
121,12.5
122,30
123,69
124,20000
125,0.9%
126,5
127,0.03125
128,101
129,565
130,0.777778
131,2
132,10
133,9
134,11200
135,41.333
136,695
137,0.08
138,60
139,90.33
140,190
141,373
142,-96
143,17
144,20
145,356
146,26
147,1200
148,19200
149,9.25
150,9
151,259
152,50
153,355
154,4000
155,0.7
156,126
157,600
158,30
159,1.673
160,30
161,0.5
162,4.75
163,235.5
164,-10
165,1350
166,48
167,250
168,430
169,312
170,31
171,60
172,28
173,144
174,35
175,14
176,336
177,8.33
178,8
179,11
180,99.8
181,2
182,12
183,27
184,36
185,0.032
186,5000
187,42
188,156
189,10.6
190,7000
191,2
192,10245
193,880
194,2800
195,372
196,704
197,3
198,450
199,102
200,600
201,171
202,6
203,13
204,16
205,28
206,2
207,6
208,39
209,4950
210,0.233333
211,1
212,1406
213,729
214,5
215,612500
216,0.34
217,7.25
218,63000
219,50
220,0.2
221,333
222,20
223,8
224,200
225,1664
226,32
227,9
228,0.857143
229,12.5
230,190
231,293
232,3625
233,207
234,684
235,1575
236,691
237,4950
238,0.222222
239,205
240,816
241,1000
242,0.125
243,10712.5
244,432
245,0.6
246,113
247,24
248,1000
249,57.46
250,3.125
251,0.02
252,3
253,1260
254,95
255,3000
256,1536
257,6.25
258,490
259,5
260,1455
261,2310
262,67.5
263,90
264,6.75
265,6
266,1.208333
267,560
268,60
269,94
270,0
271,10460
272,750
273,5
274,7
275,4740
276,711
277,0.7
278,64
279,2700
280,30
281,8
282,6
283,736
284,62
285,18
286,240
287,579
288,16500
289,52755
290,944
291,5.56
292,2.5
293,468
294,16
295,20
296,14400
297,6
298,3
299,52
300,224
301,0.95
302,8
303,7.714286
304,72
305,62.8
306,9
307,16
308,10
309,5
310,20
311,390
312,31.5
313,0.142857
314,36
315,60
316,100
317,324
318,900
319,0.5
320,3.5
321,324
322,0.25
323,40
324,5
325,6
326,3450
327,500
328,890
329,72
330,0.05
331,434000
332,16000
333,3600
334,0.081633
335,448
336,15
337,486
338,7.5
339,10000
340,15
341,90
342,20
343,56
344,60
345,76.666
346,48
347,5.5
348,425
349,800
350,0.032
351,120
352,465
353,1570
354,56
355,324
356,0.22
357,2
358,25000
359,16
360,7200
361,3.14
362,45
363,6.75
364,60
365,540
366,7
367,32
368,0.75
369,209
370,150
371,242
372,9
373,0.127
374,36
375,270
376,591
377,2.88
378,4429
379,600
380,70
381,43
382,400
383,6240
384,52125
385,91
386,0
387,2
388,300
389,19
390,15
391,1260
392,768
393,700
394,117.75
395,1150
396,4500
397,1.2
398,6592
399,12
400,115
401,136
402,964
403,1.2
404,695
405,32
406,60
407,0.466667
408,48
409,3.14
410,12
411,5
412,0.375
413,800
414,10
415,14.33
416,65
417,8
418,440
419,540
420,9
421,0.5
422,303
423,332.5
424,5.6
425,2.8
426,1.6
427,833.333
428,96
429,2600
430,1280
431,120
432,64
433,112
434,12960
435,31
436,468
437,44
438,19.125
439,7000
440,0.25
441,1800
442,410
443,87.5
444,64
445,217.65
446,0.6
447,2.67
448,20
449,192
450,926
451,64
452,1
453,10
454,30
455,133
456,1080
457,0.0006
458,76
459,390
460,15
461,2400
462,32
463,676
464,0.166667
465,190
466,600
467,656
468,21
469,30
470,60
471,16
472,700
473,125.6
474,1.5
475,30
476,860
477,153
478,1152
479,297
480,1
481,533
482,1.5
483,240
484,30
485,280
486,72
487,216
488,16
489,14968
490,3.5
491,96
492,170
493,155.28
494,2200
495,97.2
496,120
497,480
498,100
499,1344
500,272
501,2100
502,7.5
503,1.33
504,675
505,426
506,5
507,140
508,60
509,4
510,132000
511,14
512,0.375
513,9
514,1100
515,57.14
516,1186
517,3.2
518,0.277778
519,212
520,44
521,7.8
522,355
523,1500
524,0.375
525,50
526,340
527,97.6
528,200
529,2
530,60
531,9
532,0
533,11.7
534,27
535,450
536,1.44
537,7
538,7
539,96
540,720
541,0.8
542,216
543,600
544,44.44
545,30
546,3.14
547,48
548,2
549,60
550,1790
551,2
552,204
553,1.5
554,1100
555,750
556,9
557,67.5
558,1
559,2
560,20
561,6
562,0.25
563,80
564,29
565,180
566,1
567,20
568,600
569,33750
570,139
571,31.2
572,10000
573,24
574,7500
575,149.95
576,3
577,1.44
578,750
579,760
580,1600
581,16
582,202
583,6
584,3
585,12
586,79
587,65
588,50
589,20
590,44
591,16
592,48
593,1.256
594,1.2
595,2
596,0.9
597,38
598,192
599,2.52
600,98
601,9.5
602,5
603,100
604,85
605,0.4
606,50
607,3
608,4
609,62
610,2.5
611,861
612,58
613,180
614,9.6
615,3
616,47.3
617,1000000
618,706.84
619,135
620,99.4
621,50
622,125.6
623,114
624,0.571429
625,90
626,1
627,180
628,421
629,12
630,60
631,7.0692
632,3
633,2000
634,36
635,96.5
636,2.25
637,75
638,9.5
639,12
640,279
641,30.75
642,0
643,28
644,1
645,34
646,3
647,48
648,21500000
649,172
650,0.425
651,120
652,11
653,25
654,97.06
655,49
656,70
657,98
658,96
659,95
660,0
661,6
662,95
663,75
664,60
665,1094.5
666,2e-05
667,8.92
668,23.5
669,30
670,10
671,735
672,9
673,32
674,1592500000
675,96
676,0.75
677,20.4
678,300
679,96
680,2
681,1
682,120
683,450
684,0.571429
685,21
686,7200
687,3
688,3600000
689,30
690,300
691,960
692,72
693,108
694,12
695,720
696,64
697,16.2
698,0.175
699,60
700,72
701,72
702,1.79
703,7.5
704,3
705,35
706,96.16
707,0.625
708,80
709,66
710,3.2
711,1.5
712,24000
713,0.3
714,10
715,2.5
716,240
717,0.048
718,16
719,78
720,150
721,179.44
722,148.5
723,6
724,24
725,42
726,425
727,117
728,56.25
729,160
730,360
731,30
732,8
733,90
734,160
735,13.5
736,14.75
737,0.4
738,49.5
739,160
740,100
741,150
742,8
743,5
744,120
745,700
746,6
747,1716
748,8.67
749,82
750,250
751,10
752,70
753,11
754,40.82
755,50000
756,7
757,4
758,6
759,800
760,0.6
761,1
762,1
763,2
764,79
765,7200
766,194400
767,0
768,1
769,2.5
770,693
771,3
772,102.5
773,59.5
774,25
775,144
776,3
777,4
778,4200
779,4
780,5
781,7200
782,7000
783,7
784,117
785,156
786,4
787,6
788,325
789,1
790,98
791,486
792,625
793,2
794,85
795,650
796,72
797,13
798,1
799,24
800,28.6
801,27.5
802,48
803,2
804,1
805,2
806,400
807,168
808,60
809,12
810,6.3
811,10
812,4
813,3.97
814,0.5
815,4000
816,2000
817,13
818,178
819,160
820,35
821,600
822,88
823,10
824,2
825,1050
826,34000000
827,20
828,100
829,20
830,20
831,200
832,450
833,0.05
834,0.2
835,860
836,45
837,6
838,44
839,0
840,4
841,1.67
842,120
843,100
844,546
845,150
846,24
847,42
848,176000
849,1
850,30
851,1100
852,7
853,3
854,180
855,0.2
856,60
857,8
858,10.5
859,108
860,2100
861,120
862,72
863,0.285714
864,60000
865,11
866,8
867,1232
868,353
869,100
870,13.2
871,7560
872,9
873,62
874,40
875,12
876,9000
877,8%
878,2
879,19%
880,320
881,100
882,2100
883,21
884,4
885,5
886,1
887,7.85
888,3
889,3
890,1.5
891,3
892,750
893,0.4
894,400
895,9
896,295
897,10
898,0.0144
899,40000
900,3600
901,207000
902,453.33
903,375
904,3
905,333.33
906,0.3
907,2100000
908,27
909,3.14
910,2
911,312.8
912,15
913,9
914,16
915,425
916,5024
917,94.2
918,30
919,7.9
920,200
921,3
922,1
923,9.75
924,22.22
925,4.625
926,96%
927,175
928,6.4
929,49
930,625
931,25
932,120
933,360
934,14.2
935,43
936,90
937,72
938,2.84
939,11
940,8
941,35
942,210
943,24
944,25
945,0.666667
946,176
947,5.67
948,27
949,12
950,38.4
951,7
952,1.5
953,4
954,105
955,10
956,16
957,20
958,4
959,13
960,20
961,7
962,640
963,3
964,16
965,3
966,50
967,11
968,3
969,0.375
970,1
971,9
972,3424
973,3.333333
974,41
975,12
976,70
977,16
978,0.947
979,840
980,104.3
981,11
982,30
983,448
984,9893.3
985,74
986,11
987,6
988,25
989,35
990,120
991,-2760
992,581
993,700
994,0.2%
995,139
996,5000
997,90
998,78
999,0.4
1000,78.5
1001,360
1002,89
1003,45
1004,6
1005,20%
1006,2.5
1007,2
1008,120
1009,0.5
1010,0.83
1011,167
1012,625
1013,104%
1014,0
1015,40
1016,6
1017,37
1018,94
1019,0.666667
1020,2.666667
1021,100%
1022,-2.63%
1023,3.14
1024,7.5
1025,45
1026,19000
1027,0.25
1028,174
1029,68.7
1030,20
1031,197.6
1032,-10
1033,15
1034,2.5
1035,270
1036,0.324
1037,30
1038,25
1039,4
1040,12
1041,7800
1042,2
1043,10
1044,7
1045,343
1046,0.25
1047,27
1048,12167
1049,30
1050,90
1051,-1
1052,240
1053,50
1054,5
1055,0.01
1056,2
1057,60
1058,5
1059,1000
1060,219
1061,11.2
1062,3.97
1063,3.5
1064,60
1065,20
1066,144
1067,3
1068,4
1069,45
1070,55
1071,18
1072,114
1073,284
1074,0.2
1075,7502
1076,2
1077,204
1078,1
1079,0.3
1080,1
1081,84
1082,35
1083,20
1084,0
1085,7.6
1086,20
1087,720
1088,0.44
1089,0.0144
1090,330
1091,45
1092,4875
1093,1
1094,49568
1095,18
1096,1440
1097,0.375
1098,27
1099,120
1100,1
1101,16
1102,908
1103,40
1104,285
1105,0.4
1106,162
1107,12
1108,2.18218
1109,16
1110,18
1111,3
1112,1.2
1113,75%
1114,800
1115,68
1116,6000
1117,120
1118,8
1119,3
1120,15
1121,30
1122,36
1123,10
1124,72
1125,962
1126,14
1127,6
1128,10000
1129,2700
1130,1000
1131,58
1132,30
1133,550
1134,128
1135,45
1136,1.25
1137,45
1138,480
1139,200
1140,1
1141,9
1142,160
1143,60
1144,1
1145,9
1146,300
1147,693.75
1148,4
1149,19.3
1150,21
1151,160
1152,0.666667
1153,770
1154,18
1155,26
1156,-14
1157,60
1158,1154
1159,0.6
1160,2
1161,72
1162,80
1163,30
1164,9750
1165,9
1166,7
1167,20
1168,275.4
1169,-15
1170,1400%
1171,900
1172,360
1173,0.85
1174,0
1175,98
1176,60000
1177,150
1178,7000
1179,276
1180,12
1181,0.1
1182,18
1183,110
1184,25
1185,300
1186,2
1187,400
1188,600
1189,400
1190,2
1191,2
1192,2.7
1193,33750
1194,108
1195,0.99%
1196,100
1197,10
1198,186
1199,2
1200,432
1201,25
1202,1.9
1203,65%
1204,51
1205,42.5
1206,188.4
1207,188.4
1208,4
1209,15
1210,1
1211,33
1212,60
1213,4%
1214,7
1215,0.25
1216,0.333333
1217,18
1218,0.571429
1219,133.333333
1220,73.33%
1221,4.5
1222,7.5
1223,190.4
1224,72
1225,50
1226,60
1227,3200
1228,3
1229,16
1230,3
1231,3
1232,54
1233,64
1234,18
1235,2
1236,38.5
1237,17.2
1238,24
1239,133
1240,4%
1241,6.79
1242,3
1243,13.33
1244,879
1245,4100
1246,85
1247,89
1248,34
1249,180
1250,33
1251,45
1252,35
1253,14
1254,36
1255,8
1256,30
1257,38
1258,24
1259,16
1260,53
1261,22
1262,4
1263,17
1264,6
1265,36
1266,8
1267,93
1268,23
1269,18
1270,25
1271,53
1272,30
1273,26
1274,45
1275,12
1276,72
1277,30
1278,94
1279,24
1280,81
1281,51
1282,84
1283,24
1284,96
1285,5
1286,45
1287,35
1288,27
1289,48
1290,18
1291,26
1292,26
1293,10
1294,12
1295,14.333333
1296,1
1297,3
1298,8
1299,6
1300,6
1301,20
1302,6
1303,5.6
1304,6.25
1305,6
1306,4
1307,50
1308,8.33
1309,8.5
1310,6.125
1311,6.857143
1312,4
1313,36
1314,0
1315,9
1316,72
1317,6
1318,0.5
1319,6
1320,7
1321,72
1322,70
1323,59
1324,480
1325,128
1326,17
1327,9.5
1328,-20
1329,6
1330,72
1331,6
1332,2
1333,22
1334,4
1335,75
1336,42
1337,36
1338,30
1339,5
1340,88
1341,36
1342,6
1343,7
1344,24
1345,90
1346,63
1347,24
1348,6
1349,17
1350,85
1351,32
1352,93
1353,480
1354,23
1355,9
1356,196
1357,2
1358,8
1359,70.12
1360,48
1361,2620
1362,30000
1363,9
1364,12000
1365,0.8
1366,516
1367,2
1368,9600
1369,1.2
1370,48
1371,3
1372,205
1373,200
1374,190
1375,4.57
1376,25
1377,732
1378,120
1379,0.6
1380,2.7
1381,2
1382,500
1383,24
1384,400
1385,36.9
1386,28
1387,240
1388,150
1389,4.7
1390,42
1391,20
1392,69120
1393,23
1394,400
1395,16
1396,40
1397,60
1398,95
1399,630
1400,1
1401,180
1402,640
1403,60
1404,40
1405,-3
1406,56
1407,2
1408,491
1409,100
1410,139
1411,1
1412,2
1413,40
1414,240
1415,1.2
1416,4769.23
1417,3
1418,240
1419,31
1420,0.05
1421,17.1
1422,15.45
1423,10.8
1424,0.008
1425,9
1426,8.375
1427,4
1428,79.5
1429,75
1430,22.5
1431,96
1432,12
1433,79.2
1434,2.4
1435,45.6
1436,684
1437,270.92
1438,197.35
1439,72
1440,8
1441,11
1442,110
1443,60
1444,0
1445,-3
1446,13500
1447,400
1448,1
1449,4
1450,-91
1451,84
1452,216
1453,317
1454,36
1455,130
1456,169
1457,8160
1458,46
1459,9
1460,3612
1461,560
1462,79
1463,2
1464,10
1465,3.2
1466,55
1467,690
1468,8.5
1469,5
1470,137
1471,87
1472,27.27
1473,4
1474,26
1475,62
1476,50
1477,1000
1478,13.5
1479,2
1480,1.67
1481,8384
1482,60
1483,9
1484,1
1485,5
1486,10
1487,33
1488,1
1489,56
1490,9.5
1491,21
1492,42.429577
1493,9125
1494,32
1495,10000
1496,1
1497,4
1498,0
1499,2370
1500,91
1501,36
1502,117
1503,4
1504,491
1505,28
1506,26
1507,48
1508,19.2
1509,7500
1510,945
1511,8.463
1512,19.2
1513,1800
1514,72
1515,520
1516,6
1517,1.55
1518,197
1519,7
1520,0.857143
1521,84
1522,300
1523,410000
1524,168
1525,4
1526,140
1527,30
1528,2
1529,780
1530,51
1531,12
1532,3.2
1533,962.5
1534,4910
1535,10
1536,7.5
1537,46
1538,0.05
1539,160
1540,128
1541,144
1542,4
1543,5
1544,79.2
1545,400
1546,350
1547,720
1548,1
1549,43
1550,7.69
1551,56
1552,3750
1553,5400
1554,10
1555,756
1556,8.4728
1557,0
1558,100
1559,10000
1560,1600
1561,17
1562,2
1563,12
1564,12600
1565,75
1566,2
1567,60
1568,4600
1569,10
1570,3700
1571,20
1572,5
1573,9.5
1574,1
1575,60
1576,0.0133
1577,17.8
1578,210
1579,309
1580,125
1581,64
1582,125
1583,250
1584,120
1585,980
1586,3000
1587,30
1588,720
1589,0.05
1590,73
1591,1728
1592,108
1593,190
1594,48
1595,2224
1596,46.8
1597,122%
1598,128
1599,28
1600,30
1601,16
1602,30
1603,800
1604,12
1605,14%
1606,972
1607,420
1608,8
1609,6.28
1610,1600
1611,1600
1612,935
1613,2
1614,36
1615,44
1616,563
1617,20
1618,18
1619,720
1620,45
1621,375
1622,94.24
1623,120
1624,1
1625,23.7
1626,112
1627,25
1628,1.5
1629,15
1630,6400
1631,12
1632,15
1633,2.67
1634,100000
1635,7200000
1636,9
1637,81
1638,3
1639,20000
1640,42
1641,17
1642,4
1643,720
1644,12.36
1645,20205.5
1646,2
1647,100
1648,45
1649,0.197531
1650,1770
1651,4950
1652,37
1653,2.479
1654,28.8
1655,200
1656,72
1657,400
1658,60
1659,0.2
1660,600
1661,1.666667
1662,6
1663,14
1664,3.2
1665,4
1666,0
1667,1.8333
1668,625
1669,37.93
1670,0.6
1671,7890.99
1672,80
1673,64
1674,60
1675,1.4
1676,765
1677,2
1678,2
1679,49000
1680,11.75
1681,0.9
1682,142.86
1683,60
1684,3.6
1685,33.33
1686,175
1687,3
1688,10
1689,150
1690,30.86
1691,4e-05
1692,3
1693,5
1694,4
1695,720
1696,9714.2857
1697,3
1698,50
1699,4
1700,64.8
1701,3
1702,6.86
1703,15.6
1704,1.333333
1705,0.25
1706,24
1707,2
1708,3
1709,245
1710,192
1711,4000
1712,5500
1713,40.37
1714,3
1715,10
1716,4
1717,400
1718,3
1719,320
1720,0.4
1721,53.76
1722,9
1723,48
1724,170.74
1725,26
1726,40
1727,4
1728,16
1729,450
1730,0.333333
1731,0
1732,88
1733,33
1734,25
1735,40
1736,420
1737,130
1738,752
1739,1496
1740,23
1741,20
1742,2
1743,1380
1744,25
1745,2
1746,120
1747,113.08
1748,28
1749,3
1750,114
1751,96
1752,12.8
1753,1.74
1754,79
1755,45
1756,21
1757,3000
1758,12
1759,52.63
1760,17.6
1761,5
1762,-32.13
1763,1075
1764,20
1765,300
1766,51
1767,10
1768,36
1769,8
1770,16
1771,4
1772,50
1773,2872
1774,-3
1775,80
1776,480
1777,250
1778,17400
1779,572
1780,50
1781,8
1782,1175
1783,1800
1784,19
1785,0.36
1786,9
1787,5.67
1788,980
1789,6
1790,600
1791,250
1792,17.5
1793,11
1794,5.42
1795,23.63
1796,5.9333
1797,5
1798,24
1799,500
1800,40000
1801,1
1802,3360
1803,15
1804,166.67
1805,0
1806,7200
1807,76
1808,30
1809,7
1810,1000
1811,-12
1812,2
1813,25
1814,7
1815,81
1816,70
1817,20
1818,102
1819,72
1820,7040
1821,9
1822,1.139
1823,10
1824,379.24
1825,1305
1826,1
1827,0.758065
1828,30
1829,219.78
1830,40
1831,2
1832,1280
1833,6078
1834,9.714286
1835,7040.96
1836,3045
1837,3.33
1838,0
1839,96
1840,5.666667
1841,2000
1842,2
1843,3.5
1844,0.112
1845,176.96
1846,90
1847,624
1848,9.6
1849,3000
1850,818
1851,155.8
1852,110
1853,1035
1854,4.96
1855,9.75
1856,2000
1857,7500
1858,25
1859,2
1860,150
1861,400
1862,96
1863,12
1864,7
1865,46
1866,13710
1867,6
1868,11
1869,6720
1870,630
1871,500
1872,5400
1873,7344
1874,15.7
1875,11.4
1876,24
1877,7
1878,630
1879,45.875
1880,7.065
1881,7.07
1882,6
1883,3888
1884,1088
1885,0
1886,20
1887,1.5
1888,7200
1889,170
1890,16.67
1891,52%
1892,6
1893,2
1894,67.5
1895,2
1896,0.1333
1897,1
1898,36
1899,424
1900,9
1901,5
1902,3600
1903,4.2
1904,6
1905,48
1906,420
1907,1608
1908,108
1909,46.2
1910,840
1911,1479
1912,12
1913,9
1914,7.09
1915,108
1916,18
1917,11
1918,17.96
1919,96
1920,0.42
1921,616
1922,10
1923,5146
1924,0
1925,2
1926,1200000
1927,72
1928,2.25
1929,66.24
1930,32
1931,400
1932,4
1933,6700
1934,250
1935,0
1936,1796.4
1937,21.6
1938,11.76
1939,40
1940,533.33
1941,1700
1942,40
1943,200
1944,36
1945,24
1946,605
1947,-350
1948,12
1949,17
1950,360%
1951,9.7
1952,6
1953,-0.6
1954,8
1955,4900
1956,100
1957,217
1958,-18
1959,76
1960,16
1961,0.16
1962,3740
1963,25
1964,39.76
1965,4.97
1966,17.5
1967,160
1968,9.8
1969,6
1970,5.08
1971,69.7
1972,22.5
1973,2.512
1974,120
1975,42
1976,0.75
1977,15
1978,180
1979,7
1980,160
1981,3
1982,315
1983,25
1984,8
1985,78
1986,30
1987,30
1988,2
1989,2300
1990,201
1991,46.8
1992,10000
1993,11.25
1994,22
1995,4605
1996,4
1997,36
1998,3600
1999,1
2000,2
2001,11.67
2002,0.8333
2003,9
2004,80
2005,45
2006,270
2007,885
2008,900
2009,621
2010,0.42
2011,12
2012,1300
2013,0.45
2014,2
2015,1
2016,14.52
2017,0
2018,0.4
2019,120
2020,30
2021,480
2022,400
2023,4000000
2024,20
2025,7.05
2026,70
2027,60
2028,4
2029,15%
2030,8%
2031,4.36
2032,62.5
2033,14
2034,60
2035,5
2036,648
2037,240
2038,384
2039,60
2040,30
2041,90.08
2042,1
2043,5
2044,6.375
2045,3
2046,240
2047,30
2048,0.013
2049,20
2050,282.6
2051,1061
2052,36
2053,504
2054,5
2055,3.14
2056,494
2057,20
2058,9
2059,95
2060,0.3
2061,41
2062,5415
2063,33.8
2064,6
2065,150
2066,150000
2067,4
2068,12.56
2069,315
2070,18
2071,270
2072,3000
2073,96
2074,22
2075,48
2076,25
2077,4.9
2078,480
2079,2000
2080,2.9
2081,23.63
2082,35
2083,4.44
2084,2500
2085,80
2086,2
2087,54
2088,0.7
2089,1740
2090,-32
2091,108
2092,5
2093,900
2094,672
2095,2
2096,70
2097,252
2098,440
2099,1.4
2100,780
2101,1750
2102,0.396
2103,1.256
2104,96
2105,7.22
2106,10
2107,100.48
2108,4200
2109,2
2110,360
2111,600
2112,1
2113,19.648
2114,4
2115,622
2116,0.0833
2117,20
2118,25
2119,84
2120,180
2121,92.8
2122,2
2123,2
2124,0.6
2125,2
2126,830
2127,99
2128,196
2129,90
2130,2.5
2131,75
2132,15
2133,4285
2134,7
2135,35
2136,22
2137,7
2138,14
2139,12
2140,1.3
2141,18
2142,11.857
2143,90
2144,1.256
2145,300
2146,1296
2147,40000
2148,0.5
2149,4000
2150,6.792
2151,3
2152,1
2153,10
2154,701
2155,1.79
2156,7.5
2157,120
2158,15
2159,22.7
2160,1.8
2161,480
2162,720
2163,48
2164,23.63
2165,551
2166,12160
2167,730
2168,182.5
2169,30
2170,2.5
2171,0
2172,100%
2173,1076.1
2174,6
2175,100%
2176,650
2177,79
2178,212.8
2179,100
2180,628
2181,21600
2182,715
2183,28
2184,513
2185,100
2186,0
2187,441
2188,13
2189,30
2190,270
2191,36
2192,40000
2193,42
2194,24
2195,3400
2196,24
2197,12.56
2198,6
2199,12.125
2200,160
2201,344
2202,288
2203,11400
2204,7.78
2205,70
2206,48
2207,6.4
2208,1600
2209,200
2210,496
2211,200
2212,500
2213,500
2214,1.42
2215,5
2216,9.67
2217,210
2218,1
2219,21.67
2220,10890
2221,715
2222,500
2223,101
2224,7.85
2225,720
2226,6
2227,26.67
2228,18.9
2229,5700
2230,2.4
2231,4.5
2232,20
2233,72
2234,4
2235,1.04
2236,12
2237,10
2238,42
2239,33
2240,1500
2241,1040
2242,25
2243,6030
2244,45
2245,1.5
2246,6
2247,237
2248,4.5
2249,166.67
2250,2
2251,120
2252,92
2253,2
2254,1440
2255,9
2256,60
2257,5750
2258,32
2259,113
2260,192
2261,16%
2262,22
2263,24.9
2264,11
2265,160
2266,728
2267,22.5
2268,71
2269,8
2270,121.16
2271,64
2272,99.6
2273,23
2274,20
2275,81
2276,746
2277,320
2278,20
2279,-40
2280,240
2281,4200
2282,3000
2283,1190
2284,3424
2285,39
2286,7.68
2287,25
2288,45
2289,40
2290,60
2291,0.5
2292,54
2293,60
2294,48
2295,57.912
2296,72
2297,7.5
2298,28260
2299,60
2300,24
2301,-0.0375
2302,18
2303,30
2304,2
2305,3
2306,2
2307,-200
2308,16.25
2309,8.33
2310,8
2311,5
2312,8
2313,100
2314,2700
2315,6.67
2316,972
2317,16
2318,24
2319,80
2320,135
2321,360
2322,264
2323,36.4
2324,75
2325,900
2326,399
2327,140
2328,45
2329,12
2330,2
2331,7
2332,0.4167
2333,7900
2334,0.72
2335,4
2336,1
2337,5
2338,766
2339,4
2340,3.14
2341,1520
2342,3.6
2343,53
2344,84
2345,2
2346,624
2347,12
2348,48
2349,309
2350,1440
2351,9
2352,8
2353,24
2354,150
2355,13
2356,12
2357,12.1
2358,100
2359,605
2360,300
2361,13
2362,448
2363,8.8
2364,476
2365,330
2366,20
2367,4.14
2368,0.6
2369,3
2370,17.5
2371,7
2372,1.1392
2373,135
2374,2
2375,2
2376,11.33
2377,43
2378,4
2379,2.4
2380,30
2381,6
2382,4
2383,840
2384,3
2385,8
2386,56
2387,1030
2388,14
2389,0.75
2390,0.666667
2391,2
2392,2100
2393,3
2394,9.375
2395,5.56
2396,164
2397,54
2398,168
2399,125%
2400,100.2
2401,26.25
2402,0.002
2403,8
2404,70
2405,4
2406,198
2407,1.9
2408,11.2
2409,14
2410,1.125
2411,2
2412,6
2413,6
2414,10
2415,1.11
2416,9
2417,350
2418,96
2419,20
2420,0.3
2421,96
2422,6
2423,3
2424,3
2425,252
2426,8
2427,8
2428,75
2429,5
2430,10
2431,1
2432,1
2433,10
2434,60
2435,360
2436,197
2437,44.8
2438,19
2439,8
2440,39.7
2441,1
2442,40.5
2443,3.57
2444,15.454545
2445,470
2446,37
2447,2275
2448,14
2449,1
2450,1.65
2451,30
2452,4
2453,2
2454,175
2455,2.5
2456,-20%
2457,176
2458,12
2459,78.5
2460,5
2461,5.375
2462,3
2463,17.5
2464,7859.76
2465,45
2466,25.12
2467,60
2468,29
2469,3840
2470,16
2471,46
2472,1
2473,120
2474,3
2475,80
2476,5
2477,35
2478,1.363636
2479,25
2480,360
2481,2400
2482,43
2483,28
2484,2
2485,600
2486,5.4
2487,45
2488,2340
2489,8
2490,12
2491,-1
2492,11
2493,0.39
2494,79
2495,107
2496,360
2497,17580
2498,4
2499,20
2500,13.16
2501,6
2502,1300
2503,29
2504,25%
2505,1.67
2506,0.175
2507,10
2508,480
2509,2.266667
2510,300
2511,6
2512,109
2513,0.36
2514,7
2515,40
2516,10.25
2517,10.048
2518,75.39
2519,190
2520,0.85
2521,5840
2522,3.76
2523,0.25
2524,6
2525,2
2526,0
2527,4
2528,560
2529,78
2530,12
2531,5
2532,25
2533,2
2534,9.6
2535,2
2536,1000
2537,288
2538,19.8
2539,1
2540,30
2541,7
2542,10
2543,2
2544,75
2545,8
2546,1000
2547,200
2548,1.5
2549,21
2550,11
2551,5
2552,600
2553,75%
2554,570
2555,8.31875
2556,98
2557,16
2558,480
2559,2
2560,3.24
2561,10
2562,9.2
2563,0.183333
2564,-20
2565,20
2566,0.2
2567,64
2568,300
2569,720
2570,2.6
2571,2838
2572,8.69
2573,9
2574,15
2575,60
2576,5
2577,42.5
2578,4
2579,1
2580,0.25
2581,12.5
2582,13
2583,38
2584,78.5
2585,40
2586,84
2587,3
2588,42
2589,3
2590,1.5
2591,14
2592,2955
2593,7
2594,90
2595,400
2596,1
2597,7.89
2598,1080
2599,15
2600,125
2601,3360
2602,7200
2603,4
2604,16
2605,54
2606,24
2607,50
2608,50
2609,40
2610,80
2611,25.12
2612,1364
2613,375
2614,50
2615,11
2616,79.2
2617,1800
2618,250
2619,3.07
2620,96%
2621,0.2
2622,0.333333
2623,8
2624,3.5
2625,4
2626,2
2627,2
2628,0.6%
2629,152
2630,78
2631,12
2632,64000
2633,89.5
2634,3.768
2635,120
2636,32
2637,5
2638,28
2639,1
2640,15
2641,4
2642,8
2643,770
2644,4
2645,128
2646,32
2647,60
2648,80
2649,0.5
2650,4
2651,4
2652,1
2653,300
2654,3
2655,0.216
2656,6.67
2657,4
2658,12
2659,61.1
2660,12
2661,0
2662,840
2663,96
2664,30
2665,1000
2666,6
2667,7.6
2668,7
2669,5
2670,0.4263
2671,37
2672,3500
2673,2
2674,5
2675,35
2676,24
2677,0.5
2678,672
2679,16
2680,32
2681,1
2682,12.8
2683,2
2684,10000
2685,3400
2686,60
2687,0.0001
2688,76.5
2689,92
2690,396
2691,5840
2692,48
2693,150
2694,-9
2695,10
2696,10
2697,530
2698,3
2699,24
2700,11.75
2701,7
2702,1200
2703,100
2704,84
2705,70
2706,4.97
2707,6
2708,0.16
2709,74000
2710,120
2711,13
2712,67.5
2713,720
2714,2
2715,370
2716,16.98
2717,300
2718,24
2719,2.5
2720,16950
2721,1512
2722,19200
2723,2223
2724,20400
2725,0.388889
2726,25.3333
2727,56
2728,2760
2729,9
2730,139.2
2731,21
2732,2.5
2733,200
2734,30
2735,-1.5
2736,3.2
2737,1000
2738,0
2739,48
2740,180
2741,10.71
2742,3.7
2743,17
2744,26.666667
2745,120
2746,1029
2747,24
2748,75
2749,384
2750,186
2751,18
2752,1000
2753,5
2754,6
2755,32
2756,10.08
2757,200
2758,36
2759,0.08
2760,2000
2761,504.84
2762,900
2763,432
2764,115.38
2765,11.3
2766,4
2767,3
2768,419
2769,1.75
2770,10
2771,2
2772,6
2773,30
2774,22
2775,30
2776,5
2777,72
2778,120
2779,290
2780,6
2781,9
2782,5.05
2783,10
2784,54000
2785,7.67
2786,260
2787,64
2788,8
2789,28
2790,7
2791,40
2792,36
2793,12
2794,3
2795,100
2796,5
2797,6.75
2798,314
2799,7
2800,9
2801,8
2802,6
2803,10000
2804,6074
2805,246
2806,4
2807,3.75
2808,75
2809,16.67
2810,3.14
2811,1344
2812,0.833333
2813,6
2814,48
2815,1.57
2816,4
2817,900
2818,49
2819,120
2820,2
2821,130
2822,1600
2823,104
2824,6.75
2825,134
2826,19200
2827,3
2828,250
2829,48
2830,560
2831,17
2832,3.14
2833,50
2834,354
2835,6
2836,19.67
2837,15
2838,480
2839,10%
2840,4
2841,20
2842,62
2843,3
2844,40
2845,8
2846,60
2847,20
2848,30
2849,282
2850,6
2851,16
2852,1
2853,1
2854,25
2855,1%
2856,9.28
2857,28
2858,3
2859,27.69
2860,5500
2861,310
2862,7.14
2863,25.5
2864,16
2865,16
2866,9
2867,200
2868,4.71
2869,1000
2870,280
2871,6
2872,1188
2873,3.6
2874,64
2875,1.333
2876,2
2877,1.15%
2878,910
2879,32
2880,5.2
2881,7200
2882,96%
2883,30
2884,80
2885,7.2
2886,40
2887,5
2888,1140
2889,502.64
2890,1610
2891,270
2892,3
2893,784
2894,140
2895,1%
2896,40
2897,18
2898,2370
2899,1
2900,9
2901,527
2902,159
2903,8.33
2904,1
2905,132
2906,1
2907,1200
2908,50.24
2909,192
2910,30
2911,20
2912,505
2913,66
2914,4
2915,3
2916,15.33
2917,24
2918,55
2919,499
2920,300
2921,24
2922,1
2923,6600
2924,1.25
2925,0.2512
2926,12
2927,5
2928,900
2929,8
2930,1320
2931,0
2932,2012
2933,20
2934,560
2935,251.2
2936,4.85
2937,25
2938,-60
2939,110
2940,120
2941,426
2942,2000
2943,72
2944,20
2945,6
2946,9000
2947,25
2948,390
2949,9
2950,3.27
2951,27
2952,360
2953,5
2954,2
2955,111.25
2956,30
2957,9
2958,72
2959,8.5
2960,6
2961,113.0972
2962,50
2963,12
2964,1600
2965,5
2966,1.5
2967,3
2968,15
2969,140
2970,6
2971,17.6
2972,3
2973,4.5
2974,8
2975,12
2976,3.2
2977,40
2978,176
2979,1.75
2980,3
2981,94.6
2982,9
2983,0.01
2984,0
2985,175
2986,3.84
2987,1
2988,4
2989,1.5
2990,5.6
2991,1.6
2992,2
2993,1400
2994,1000
2995,2.375
2996,400
2997,307.2
2998,18
2999,6
3000,20
3001,120
3002,90.75
3003,2
3004,0.1
3005,1.87
3006,27
3007,25
3008,126
3009,4
3010,6.25
3011,0.98
3012,57.36
3013,1271
3014,2
3015,177.75
3016,22
3017,60
3018,24
3019,180
3020,60
3021,4
3022,960
3023,150
3024,14.4
3025,90.909091
3026,25
3027,52000
3028,2
3029,0.003333
3030,3
3031,742
3032,6.1
3033,0.166667
3034,8
3035,10
3036,140
3037,2.25
3038,15%
3039,1.6
3040,628
3041,5
3042,1
3043,0.216
3044,80
3045,15
3046,3
3047,1680
3048,8
3049,16
3050,5.8
3051,2
3052,10
3053,6
3054,14
3055,1350
3056,400
3057,18
3058,2
3059,518.4
3060,20
3061,79616
3062,36
3063,28.27
3064,65
3065,65
3066,1860
3067,60
3068,140
3069,75.2
3070,120
3071,118
3072,40%
3073,450
3074,4.3
3075,200
3076,100
3077,7952
3078,72
3079,1
3080,57
3081,4
3082,100
3083,0.785
3084,108
3085,18
3086,1400
3087,20
3088,120
3089,165
3090,98
3091,5
3092,18
3093,45
3094,6
3095,17.92
3096,200
3097,0.00075
3098,5
3099,3
3100,0.4379
3101,62.8
3102,100
3103,24
3104,72
3105,15
3106,28.8
3107,1650
3108,15
3109,9
3110,4
3111,180
3112,220
3113,240
3114,960
3115,11
3116,1225
3117,240
3118,42
3119,45
3120,3.14
3121,18
3122,950
3123,27
3124,24
3125,40
3126,550
3127,0.4
3128,9.5
3129,370
3130,2750
3131,24
3132,20
3133,9.9
3134,20
3135,9
3136,171.95
3137,471
3138,640
3139,2
3140,9.75
3141,2000
3142,-10
3143,4
3144,8
3145,294
3146,6
3147,1500
3148,0.1
3149,30
3150,11
3151,108
3152,3
3153,320
3154,22.2
3155,30
3156,37.2
3157,4.32
3158,60
3159,24
3160,2000
3161,35
3162,1440
3163,20%
3164,1.44
3165,64
3166,45
3167,22
3168,74.22
3169,6.25
3170,16
3171,100
3172,32
3173,15
3174,76
3175,160
3176,1791
3177,41
3178,672
3179,48
3180,3150
3181,36.3
3182,2.7
3183,9.3
3184,720
3185,180
3186,5.5
3187,585
3188,807
3189,15
3190,72
3191,255
3192,71
3193,60
3194,960
3195,30
3196,52
3197,0.64
3198,1800
3199,-1125
3200,70
3201,120
3202,3600
3203,48
3204,60
3205,1
3206,245
3207,276
3208,139.5
3209,85
3210,96
3211,1.325
3212,72
3213,8
3214,9
3215,187.5
3216,600
3217,400
3218,24
3219,160
3220,4
3221,25
3222,240
3223,210
3224,360
3225,155
3226,120
3227,75
3228,75
3229,8
3230,2520
3231,384
3232,400
3233,73.666
3234,35
3235,172
3236,227.5
3237,3250
3238,197.69
3239,85
3240,63
3241,7200
3242,1158
3243,1160
3244,1600
3245,100
3246,1760
3247,96
3248,2820
3249,600
3250,420
3251,17
3252,350
3253,1200
3254,30
3255,10.5
3256,6.25
3257,3
3258,8
3259,4
3260,2538
3261,8
3262,300
3263,60
3264,3.07
3265,7
3266,320
3267,480
3268,75
3269,186
3270,225
3271,0.042792
3272,27
3273,7.86
3274,12
3275,252
3276,180
3277,35.77
3278,279.166667
3279,625
3280,784
3281,6100
3282,6
3283,32
3284,302
3285,410
3286,19.5
3287,9
3288,636
3289,5400
3290,62
3291,218
3292,120
3293,9
3294,45
3295,29
3296,70
3297,200
3298,1000
3299,492
3300,13
3301,66
3302,2964
3303,6.67
3304,109
3305,11
3306,447
3307,467
3308,58
3309,63
3310,2
3311,330
3312,84
3313,45
3314,93
3315,7
3316,225
3317,315
3318,279
3319,6
3320,220
3321,36
3322,480
3323,21
3324,172800
3325,60
3326,225
3327,8250
3328,1875
3329,240
3330,3600
3331,4
3332,200
3333,720
3334,420
3335,2
3336,100
3337,500
3338,448
3339,720
3340,200
3341,702
3342,78.333
3343,4
3344,37
3345,40
3346,100
3347,15
3348,7200
3349,180
3350,32
3351,13
3352,13
3353,40
3354,39
3355,60
3356,8
3357,120
3358,60
3359,94
3360,825
3361,728
3362,160
3363,252
3364,95
3365,160
3366,42
3367,300
3368,81
3369,10
3370,13500
3371,24945
3372,4992
3373,990
3374,94
3375,210
3376,23
3377,910
3378,100
3379,256
3380,144
3381,1069
3382,54
3383,12960
3384,1072
3385,27
3386,239
3387,15
3388,24
3389,25
3390,98
3391,144
3392,960
3393,60
3394,40
3395,160
3396,26
3397,115
3398,60
3399,60
3400,0
3401,90
3402,5
3403,26
3404,15
3405,29.5
3406,107
3407,200
3408,70
3409,4
3410,10
3411,5.56
3412,216
3413,4650
3414,10
3415,231
3416,5.5
3417,9
3418,16
3419,1710
3420,16
3421,111
3422,552
3423,7200
3424,1768
3425,6
3426,6240
3427,432
3428,1
3429,13.5
3430,17
3431,39
3432,2799
3433,9
3434,700
3435,67.24
3436,3600
3437,44
3438,0
3439,97
3440,1.48
3441,32400
3442,2
3443,-6
3444,2015
3445,63
3446,700
3447,7.2
3448,30
3449,96
3450,1400
3451,600
3452,5200
3453,0.777778
3454,20
3455,98
3456,6
3457,532
3458,60
3459,6.5
3460,44
3461,1.2
3462,15
3463,0.336
3464,64
3465,6.714286
3466,190
3467,180
3468,242.1
3469,280
3470,1.8
3471,4
3472,0.15
3473,704
3474,5
3475,150
3476,17
3477,25
3478,8
3479,600
3480,335
3481,14.5
3482,33.333333
3483,192.5
3484,800
3485,64
3486,150
3487,72
3488,288
3489,8
3490,7.5
3491,32
3492,9
3493,8.82
3494,10000
3495,3
3496,0.25
3497,8.1
3498,2.4
3499,5
3500,6
3501,16
3502,3696
3503,800
3504,4000
3505,3120
3506,25
3507,360
3508,-255
3509,2.56
3510,100
3511,420
3512,12
3513,3.75
3514,-213
3515,5760
3516,352
3517,4.5
3518,6.25
3519,3500
3520,192
3521,8
3522,24
3523,7
3524,3
3525,500
3526,-1800
3527,18
3528,11.5
3529,58
3530,1
3531,14
3532,1.5
3533,560
3534,0.2
3535,0.2
3536,9
3537,6
3538,192
3539,276
3540,50
3541,2400
3542,12180
3543,2600
3544,0.233333
3545,4
3546,12
3547,1494
3548,598
3549,2000
3550,9
3551,15
3552,0.466667
3553,2940
3554,205
3555,720
3556,-316
3557,1
3558,2
3559,79
3560,428
3561,3120
3562,840
3563,9
3564,380
3565,174
3566,32
3567,85
3568,1488
3569,2
3570,11
3571,7.55
3572,-4
3573,35
3574,18
3575,220
3576,23
3577,7
3578,24
3579,28
3580,3960
3581,76
3582,25
3583,24
3584,375
3585,40.78
3586,4
3587,2790
3588,216
3589,8
3590,4500
3591,46
3592,9.5
3593,87
3594,145
3595,13
3596,335
3597,21.6
3598,23
3599,10.2
3600,114
3601,128
3602,79
3603,817
3604,1500
3605,640
3606,40
3607,24
3608,496
3609,2
3610,42
3611,30
3612,90.6
3613,60
3614,945
3615,8
3616,712
3617,112.67
3618,2.56
3619,160
3620,792
3621,4.75
3622,450
3623,2.2
3624,1.75
3625,4240
3626,102
3627,4
3628,1080
3629,105
3630,1200
3631,920
3632,1560
3633,13000
3634,3575
3635,245
3636,140
3637,479
3638,15.96
3639,300
3640,7
3641,6
3642,108
3643,1650
3644,27.9
3645,24
3646,18
3647,2450
3648,2
3649,690
3650,20
3651,3
3652,54
3653,200
3654,126
3655,486
3656,105
3657,945
3658,720
3659,1920
3660,30
3661,14700
3662,3
3663,27
3664,-3
3665,283
3666,98
3667,355
3668,485
3669,63
3670,1956
3671,1440
3672,13.71
3673,100
3674,15.7
3675,704
3676,10565
3677,0.11
3678,6.85
3679,5760
3680,9.08
3681,1370
3682,208
3683,6
3684,9.5
3685,720
3686,1536
3687,400
3688,1000
3689,384
3690,1500
3691,20
3692,9
3693,37.11
3694,1118
3695,504
3696,17
3697,7
3698,18000
3699,15
3700,1
3701,240
3702,760
3703,6.5
3704,83.33
3705,1
3706,4500
3707,9.42
3708,39
3709,22
3710,6.67
3711,74
3712,2.2333
3713,24
3714,4
3715,570
3716,10000
3717,507
3718,16
3719,684
3720,12
3721,306
3722,655
3723,54
3724,109275
3725,7
3726,9.6
3727,280
3728,12
3729,1.333333
3730,1250
3731,84
3732,3
3733,136.43
3734,534
3735,1500
3736,107
3737,3800
3738,640
3739,14000
3740,429
3741,600
3742,728
3743,4710
3744,70
3745,450
3746,212
3747,100
3748,100
3749,30
3750,2668
3751,105
3752,12.5
3753,144
3754,1304
3755,360
3756,41.25
3757,52
3758,3360
3759,5000
3760,18000
3761,8.571429
3762,78
3763,6
3764,8.64
3765,12
3766,120
3767,2210
3768,300
3769,18
3770,55
3771,2160
3772,108
3773,1
3774,600
3775,11
3776,10000
3777,60
3778,7
3779,7.5
3780,552
3781,36
3782,11
3783,175
3784,64
3785,5
3786,23800
3787,141
3788,414
3789,100
3790,1.43
3791,3
3792,90
3793,68
3794,100
3795,93.6
3796,69.428571
3797,9
3798,98.571429
3799,968
3800,1100
3801,27
3802,8020
3803,3
3804,3
3805,84
3806,1679
3807,8940
3808,36
3809,-7
3810,7
3811,144
3812,60
3813,125
3814,900
3815,24
3816,905
3817,960
3818,45
3819,36
3820,11.909091
3821,30
3822,36
3823,7.5
3824,120
3825,6
3826,36
3827,960
3828,1728
3829,1770
3830,231
3831,43.2
3832,112000
3833,14
3834,36
3835,240
3836,768
3837,109
3838,35
3839,3270
3840,8100
3841,1
3842,96
3843,959
3844,6.25
3845,6
3846,7.33
3847,576
3848,18
3849,5200
3850,400
3851,256
3852,40
3853,48
3854,7
3855,175
3856,288
3857,216
3858,455
3859,75
3860,960
3861,96
3862,140
3863,1440
3864,78
3865,3900
3866,1440
3867,375
3868,368
3869,1000
3870,1.2
3871,40
3872,1.75
3873,480
3874,15
3875,1440
3876,34
3877,120
3878,716
3879,28.57
3880,10.24
3881,2
3882,90
3883,68
3884,6
3885,150
3886,216
3887,4
3888,0.4
3889,1200
3890,144
3891,400
3892,1.74
3893,108
3894,2.4
3895,12
3896,270
3897,90
3898,12
3899,800
3900,68
3901,12
3902,38
3903,760
3904,2
3905,546
3906,144
3907,168
3908,312.5
3909,0.324
3910,410
3911,6
3912,91
3913,140
3914,18
3915,1342
3916,450
3917,100
3918,3360
3919,312
3920,25
3921,1470
3922,2100
3923,45
3924,775
3925,72
3926,145
3927,240
3928,200
3929,750
3930,4
3931,4.08
3932,1
3933,706
3934,180
3935,-2
3936,744
3937,-39
3938,651
3939,648
3940,396
3941,1247
3942,5.290787
3943,384
3944,34.2
3945,18
3946,126
3947,7.2
3948,60
3949,12.172415
3950,71
3951,420
3952,3
3953,324
3954,462
3955,200
3956,154
3957,2250
3958,0.176
3959,68
3960,95
3961,18
3962,24
3963,375
3964,376.8
3965,3
3966,48
3967,3
3968,192
3969,16
3970,4
3971,70
3972,495
3973,422
3974,60
3975,40
3976,5
3977,44
3978,95
3979,10
3980,6
3981,13
3982,120
3983,4
3984,21
3985,50
3986,51
3987,8.75
3988,5760
3989,20
3990,1260
3991,2
3992,30600
3993,12.4
3994,33
3995,13.25
3996,2
3997,46
3998,533.33
3999,1.31
4000,51
4001,15
4002,500
4003,1744
4004,2312
4005,1.5
4006,9.5
4007,17
4008,60
4009,152
4010,580
4011,6.4
4012,28
4013,75
4014,90
4015,55
4016,20
4017,272
4018,3.1
4019,18.4
4020,17
4021,1.7
4022,-8
4023,230
4024,240
4025,600
4026,-10
4027,38
4028,200
4029,1.6
4030,80
4031,72
4032,55
4033,960
4034,2
4035,0.125
4036,4
4037,216
4038,1720
4039,792.8
4040,35.5
4041,375
4042,50
4043,595
4044,12
4045,5
4046,4800
4047,64000
4048,88
4049,48
4050,72
4051,12
4052,300
4053,18
4054,0.06
4055,0
4056,-360
4057,210
4058,234
4059,24
4060,120
4061,1671
4062,2880
4063,675
4064,-0.545455
4065,205
4066,103
4067,5400
4068,20.079365
4069,936
4070,72
4071,36000
4072,34
4073,74.4
4074,1400
4075,182
4076,176
4077,0.233333
4078,103
4079,64
4080,12
4081,2880
4082,445
4083,1672
4084,12
4085,1800
4086,129.33
4087,1442
4088,20
4089,12
4090,40
4091,930
4092,47.5
4093,20
4094,9600
4095,3284
4096,1.714
4097,7.5
4098,50
4099,2040
4100,120
4101,-20
4102,800
4103,10
4104,180
4105,1088
4106,96
4107,576
4108,61
4109,3.3
4110,6
4111,1.5
4112,5.5
4113,36.125
4114,3960
4115,90
4116,7.71
4117,16
4118,12
4119,690
4120,24.33
4121,5
4122,2
4123,8
4124,6
4125,2
4126,90000
4127,975
4128,102
4129,160
4130,2
4131,760
4132,1960
4133,26.2
4134,196
4135,10.9
4136,456
4137,4
4138,48
4139,1600
4140,42
4141,9.23
4142,9
4143,270
4144,1112
4145,130
4146,8
4147,0
4148,11
4149,1163
4150,298
4151,80
4152,8
4153,456
4154,1345
4155,7.5
4156,0.1714
4157,318
4158,3.57
4159,3848
4160,70
4161,160
4162,1
4163,-1.99
4164,870
4165,4.5
4166,18
4167,40
4168,15
4169,0
4170,64
4171,18.375
4172,480
4173,120
4174,288
4175,850
4176,28
4177,3
4178,16
4179,21
4180,400
4181,3000000
4182,800
4183,169
4184,4
4185,6.1
4186,10
4187,6
4188,1
4189,2.5
4190,1
4191,2
4192,20
4193,12
4194,0%
4195,2
4196,600
4197,96
4198,2.0176
4199,27
4200,5520
4201,10
4202,1.3%
4203,32
4204,4
4205,16250
4206,9
4207,610
4208,24
4209,780
4210,-135
4211,12
4212,2
4213,12
4214,130
4215,0.5
4216,7.91
4217,0.4
4218,25
4219,1050
4220,10
4221,3
4222,21
4223,384
4224,400
4225,704
4226,7.5
4227,0.5
4228,9
4229,67.65
4230,1
4231,4
4232,6
4233,60%
4234,4.196
4235,92
4236,29.7857
4237,64.8
4238,22
4239,4
4240,1
4241,30
4242,75
4243,7920
4244,60
4245,640
4246,700
4247,4
4248,1760
4249,20
4250,3
4251,174
4252,300
4253,6.45
4254,10
4255,7.2
4256,133.6
4257,0
4258,190
4259,13
4260,54
4261,1196
4262,34
4263,720
4264,168
4265,2
4266,1.3
4267,56
4268,61
4269,2
4270,24
4271,96
4272,-24
4273,63
4274,80
4275,540
4276,5
4277,140
4278,30
4279,5552
4280,360
4281,75.39
4282,85
4283,50
4284,97
4285,900
4286,35
4287,2700
4288,90
4289,11520
4290,0.16
4291,0.4
4292,11
4293,3955
4294,30000
4295,144
4296,8
4297,252
4298,140
4299,60
4300,7.5
4301,7.5
4302,1440
4303,175
4304,270
4305,5000
4306,18
4307,12
4308,1.6
4309,33
4310,1.39
4311,0.416667
4312,45
4313,3
4314,20%
4315,10%
4316,63
4317,120
4318,0.8
4319,20
4320,187
4321,66
4322,255
4323,0.5
4324,113
4325,75.36
4326,50.06
4327,2
4328,30
4329,-1.92
4330,32
4331,1281
4332,15
4333,288
4334,1242
4335,800
4336,37.5
4337,34
4338,32
4339,8.94
4340,0.08
4341,10
4342,4.5
4343,880
4344,5
4345,33
4346,40
4347,18.2
4348,5000%
4349,350
4350,2000
4351,88.333333
4352,6
4353,90
4354,2
4355,10
4356,7.5
4357,140
4358,1.3
4359,6
4360,5
4361,1920
4362,5
4363,8
4364,1020
4365,2.67
4366,42
4367,45
4368,1
4369,0.58
4370,90
4371,42.695
4372,4
4373,5.625
4374,9
4375,0.6
4376,172.5
4377,117.05
4378,10
4379,27
4380,0
4381,94
4382,62.8
4383,45
4384,284
4385,9
4386,42.5
4387,1.9
4388,7
4389,3
4390,0.384
4391,2
4392,10
4393,3.6
4394,79
4395,64
4396,6400
4397,12
4398,0.116667
4399,1
4400,15
4401,2
4402,192
4403,5
4404,150
4405,16
4406,35.56
4407,3.5
4408,39
4409,6
4410,1144
4411,7.8
4412,1
4413,-107.1
4414,309
4415,36
4416,26
4417,70
4418,1000
4419,270
4420,14
4421,75
4422,12.67
4423,9950
4424,2
4425,240
4426,94200
4427,94200
4428,19.72
4429,2
4430,2
4431,20
4432,0.666667
4433,3
4434,0.125
4435,240
4436,2
4437,108
4438,2
4439,2
4440,10
4441,300
4442,0.9%
4443,100
4444,330
4445,3
4446,1260
4447,1.2
4448,16
4449,75.99
4450,19.72
4451,3.14
4452,17.6
4453,4
4454,18
4455,12
4456,944999999999999987363014182558517603277172481120135987619815312341982467878561559460998703477520797760100222631936
4457,34
4458,5
4459,6
4460,216
4461,75.39
4462,1800
4463,79.06
4464,40
4465,9
4466,1
4467,1440
4468,900
4469,280
4470,21
4471,240
4472,2
4473,100.58
4474,18150
4475,16
4476,18
4477,32
4478,120
4479,96
4480,600
4481,42
4482,9
4483,384
4484,120
4485,150
4486,1152
4487,3
4488,2.5
4489,3.14
4490,2
4491,1.8
4492,314
4493,-14.5
4494,8
4495,138
4496,25.12
4497,7
4498,2
4499,3
4500,1.333
4501,19.5
4502,22
4503,360
4504,5
4505,0%
4506,2
4507,25.12
4508,2
4509,3982
4510,25
4511,10
4512,12
4513,70
4514,3
4515,108
4516,2
4517,9
4518,4.196
4519,34
4520,0.222222
4521,37
4522,700
4523,0
4524,4
4525,2
4526,16
4527,-14368
4528,320
4529,1800
4530,600
4531,15
4532,5000
4533,1774
4534,-100
4535,1200
4536,90
4537,36
4538,100
4539,3819.5
4540,2100
4541,2.4
4542,5024
4543,28.27
4544,0.6
4545,1
4546,480
4547,-153.2
4548,316
4549,7.09
4550,78.5
4551,-10%
4552,4
4553,4
4554,3.2
4555,4
4556,51
4557,2
4558,874
4559,140
4560,2
4561,12.56
4562,1
4563,0
4564,1000
4565,1600
4566,250
4567,5
4568,31400
4569,92.7
4570,31.8
4571,120
4572,179.44
4573,36
4574,1.256
4575,54
4576,4.5
4577,2
4578,2
4579,4.8
4580,1.75
4581,18.84
4582,60
4583,0.8
4584,4
4585,25.12
4586,2.355
4587,2
4588,-2900
4589,3
4590,20
4591,4
4592,0.166667
4593,3140
4594,10.375
4595,0.333333
4596,0.116667
4597,0.116667
4598,14
4599,2
4600,2
4601,2
4602,240
4603,7
4604,8
4605,2
4606,2
4607,20.56
4608,0.257576
4609,91
4610,450
4611,4
4612,6.25
4613,8
4614,7.2
4615,3.14
4616,6
4617,6.96
4618,240
4619,20
4620,16
4621,95.5
4622,12
4623,200
4624,9
4625,96
4626,3
4627,201.885
4628,150
4629,1250
4630,17.2
4631,1
4632,70.4
4633,70
4634,43
4635,205
4636,2
4637,2
4638,6
4639,14
4640,5
4641,2
4642,6.29
4643,263.95
4644,7650
4645,8
4646,78.54
4647,3
4648,5
4649,193
4650,-3
4651,3
4652,100
4653,9.5
4654,1000
4655,2
4656,1910
4657,72
4658,20
4659,8.4
4660,7
4661,153
4662,0.8
4663,5917.5
4664,1.5
4665,100
4666,12000
4667,19.72
4668,192
4669,2500
4670,32
4671,502.4
4672,16
4673,80
4674,7.84
4675,3
4676,2
4677,6.25
4678,92.15
4679,5
4680,672
4681,0.5
4682,40%
4683,9
4684,225
4685,3
4686,0.75
4687,5
4688,90
4689,0.52
4690,8.64
4691,60
4692,25.5
4693,50.2
4694,2
4695,70.96
4696,2
4697,0.6
4698,1
4699,78.5
4700,1177.5
4701,100
4702,0.7
4703,0.941176
4704,15
4705,15
4706,130
4707,6
4708,335
4709,3
4710,1%
4711,-147
4712,1
4713,112
4714,2
4715,2.968
4716,41.12
4717,18.84
4718,270
4719,1
4720,2
4721,572
4722,894
4723,0.2
4724,28.26
4725,12
4726,12.67
4727,1
4728,50
4729,60
4730,2.4
4731,20
4732,750
4733,60
4734,8760
4735,1
4736,208
4737,10
4738,1500
4739,1600
4740,50.24
4741,6.5
4742,1680
4743,12.56
4744,567
4745,7
4746,300
4747,42
4748,2
4749,25.12
4750,6
4751,48
4752,12.56
4753,360
4754,5400
4755,4800
4756,0.25
4757,54
4758,0.09
4759,17
4760,8
4761,8
4762,6.42
4763,4
4764,239.6
4765,90
4766,800
4767,400
4768,43.9
4769,3
4770,65.94
4771,4
4772,12.997
4773,90
4774,88
4775,20
4776,10
4777,7.85
4778,12.5%
4779,6
4780,2
4781,6
4782,10
4783,0
4784,364
4785,78.5
4786,600
4787,0.06
4788,32
4789,2
4790,42
4791,0.3
4792,96.72
4793,1256
4794,120
4795,42.24
4796,225
4797,81
4798,30
4799,18
4800,2.5
4801,400
4802,69
4803,0.0314
4804,4.714286
4805,176
4806,6587.4
4807,1256
4808,2.3792
4809,10
4810,7.6923
4811,942
4812,125.6
4813,-1000
4814,20
4815,3
4816,0.9%
4817,0.0875
4818,1
4819,2
4820,62.25
4821,12
4822,6.28
4823,35
4824,11.44
4825,190
4826,3
4827,0.23
4828,37.68
4829,180
4830,22500
4831,676.96
4832,176
4833,2
4834,1962.5
4835,58
4836,384
4837,167.12
4838,50
4839,2
4840,188
4841,200000
4842,2.16
4843,7.4
4844,2
4845,550
4846,12
4847,-2.4
4848,924
4849,57
4850,4
4851,11
4852,15
4853,353
4854,4.266667
4855,240
4856,30
4857,30
4858,5
4859,0.033333
4860,0.75
4861,50
4862,2
4863,15.7
4864,8.571429
4865,50.24
4866,15
4867,24
4868,210
4869,85
4870,56
4871,0.175
4872,72
4873,160
4874,4
4875,8
4876,100
4877,80
4878,192000
4879,0.416667
4880,28.26
4881,8
4882,20
4883,3
4884,15
4885,8
4886,12
4887,3
4888,97
4889,14
4890,4.29
4891,7
4892,7
4893,220
4894,750
4895,6
4896,250
4897,397.5
4898,9
4899,15
4900,53.3
4901,64
4902,5844
4903,760
4904,64.572
4905,16
4906,200
4907,7.5
4908,2
4909,76
4910,96
4911,288.496
4912,0.3
4913,2
4914,33.33
4915,3
4916,21.89
4917,3
4918,1
4919,67.5
4920,3.92
4921,75
4922,2
4923,5
4924,8.571429
4925,27
4926,400
4927,306
4928,288
4929,4
4930,0.8
4931,90000000
4932,0.46875
4933,0.8
4934,31.5
4935,40
4936,114
4937,2.4
4938,0.82
4939,18
4940,33.6
4941,3
4942,1
4943,78
4944,67.5
4945,40
4946,1
4947,157
4948,1.176471
4949,12.6
4950,6
4951,6
4952,26
4953,12.5
4954,6
4955,0.2
4956,52
4957,13
4958,8
4959,100.48
4960,16.72
4961,9
4962,90%
4963,5
4964,114
4965,6.25
4966,83
4967,240
4968,92
4969,62
4970,68
4971,39
4972,68
4973,43
4974,18
4975,63
4976,21
4977,18
4978,17
4979,-7
4980,56
4981,9
4982,84
4983,56
4984,63
4985,18
4986,16
4987,24
4988,27
4989,12
4990,35
4991,18
4992,4
4993,5
4994,12
4995,36
4996,3
4997,2.67
4998,36
4999,14
5000,36
5001,36
5002,24
5003,60
5004,78
5005,115
5006,38
5007,62
5008,22
5009,13
5010,61
5011,47
5012,3.25
5013,5
5014,3
5015,16
5016,6
5017,6
5018,-26
5019,8
5020,8
5021,480
5022,79
5023,6
5024,9
5025,47
5026,91
5027,19
5028,28
5029,20
5030,20
5031,34
5032,40
5033,270
5034,17
5035,10
5036,2
5037,11
5038,38
5039,58
5040,218
5041,27
5042,20
5043,21
5044,40
5045,22
5046,6
5047,36
5048,6
5049,28
5050,27
5051,29
5052,51
5053,85
5054,27
5055,91
5056,84
5057,90
5058,54
5059,26
5060,23
5061,8
5062,55
5063,65
5064,3.375
5065,18
5066,50
5067,99
5068,97
5069,80
5070,3
5071,33
5072,88
5073,16
5074,24
5075,57
5076,26
5077,4
5078,42
5079,7
5080,27
5081,30
5082,31
5083,40
5084,6
5085,66
5086,64
5087,24
5088,11.25
5089,33
5090,40
5091,16
5092,24
5093,23
5094,8
5095,6
5096,8
5097,16
5098,15
5099,18
5100,12
5101,18
5102,3
5103,15
5104,104
5105,27
5106,33
5107,63
5108,19
5109,20
5110,60
5111,21
5112,8
5113,27
5114,46
5115,115
5116,9.5
5117,8
5118,112
5119,48
5120,2
5121,8
5122,766.67
5123,1
5124,8860
5125,72
5126,32
5127,34
5128,700
5129,4
5130,1
5131,4
5132,219
5133,36
5134,4
5135,30
5136,21
5137,8
5138,110
5139,12.56
5140,2
5141,12.56
5142,7.25
5143,1791
5144,4
5145,8
5146,0
5147,166.67
5148,756
5149,2
5150,1232
5151,41
5152,5
5153,4
5154,16.2
5155,3380
5156,69.5
5157,45
5158,0
5159,240
5160,40
5161,255
5162,4
5163,181
5164,700
5165,1
5166,1200
5167,14
5168,2.5
5169,400
5170,215
5171,79.06
5172,1.008
5173,10
5174,1.67
5175,2
5176,3
5177,12
5178,8
5179,2250
5180,28
5181,25.12
5182,5000
5183,2
5184,7
5185,2
5186,400
5187,1824
5188,1400
5189,1400000
5190,1.875
5191,151.666
5192,3
5193,4
5194,5
5195,60
5196,5
5197,20
5198,6
5199,3
5200,576
5201,0.048
5202,9
5203,14
5204,2
5205,36.3
5206,5
5207,200
5208,9
5209,2.13
5210,240
5211,2
5212,23
5213,37500
5214,100
5215,7.5
5216,198
5217,3
5218,22
5219,2
5220,340
5221,720
5222,400
5223,80
5224,7
5225,36
5226,2
5227,1.6
5228,2
5229,2.5975
5230,2
5231,6
5232,27.3
5233,72
5234,3360
5235,70000
5236,2011
5237,3.14
5238,42
5239,54
5240,2
5241,2300
5242,400
5243,5
5244,4
5245,320
5246,45
5247,14
5248,74.22
5249,1.846154
5250,6.25
5251,16
5252,100
5253,32
5254,15
5255,76
5256,2
5257,51
5258,30
5259,55
5260,33
5261,6
5262,14
5263,505
5264,0.3
5265,21
5266,2
5267,113.75
5268,3060
5269,9
5270,10
5271,2
5272,24
5273,35
5274,20
5275,1.312
5276,20
5277,185.2
5278,75%
5279,4560
5280,20
5281,1.6
5282,72
5283,1700
5284,20
5285,2
5286,2
5287,78.5
5288,12
5289,60
5290,60
5291,12
5292,-29190.75
5293,600
5294,10
5295,2.25
5296,211
5297,3
5298,30
5299,100
5300,12.6
5301,760
5302,3
5303,200
5304,0.6
5305,9
5306,4.5
5307,36
5308,4000
5309,1600
5310,-120.5
5311,7.2
5312,7.5
5313,3
5314,14.5
5315,10
5316,484
5317,270
5318,160
5319,1920
5320,2900
5321,1000
5322,48
5323,6
5324,2
5325,150
5326,750
5327,36
5328,20
5329,2387
5330,0
5331,147.2
5332,1
5333,148
5334,36
5335,7200
5336,180
5337,0
5338,3315
5339,50
5340,1192
5341,1710
5342,28.8
5343,480
5344,7.89
5345,226.24
5346,15
5347,2700
5348,6
5349,250
5350,60
5351,390
5352,120
5353,3200
5354,67
5355,60
5356,240
5357,2720
5358,9.8
5359,900
5360,0.05
5361,384
5362,60
5363,40
5364,10
5365,50
5366,4000
5367,7.2
5368,179.48
5369,1.7698
5370,2064
5371,3
5372,6
5373,6
5374,96
5375,36
5376,450
5377,20
5378,2565
5379,175
5380,2
5381,45
5382,3
5383,-96
5384,63
5385,33.33
5386,2
5387,720
5388,5
5389,5
5390,6
5391,40000
5392,0
5393,5
5394,9
5395,82.9
5396,450
5397,20
5398,70
5399,210
5400,325
5401,30
5402,18
5403,51000
5404,15
5405,0.006
5406,146
5407,160
5408,100000
5409,-6
5410,60
5411,83
5412,25.1
5413,85
5414,2
5415,5.89
5416,20
5417,492
5418,480
5419,780
5420,2100
5421,1
5422,90
5423,216000
5424,1.92
5425,4
5426,1250
5427,1
5428,60
5429,900
5430,64
5431,68
5432,848
5433,1760
5434,50000
5435,15
5436,252
5437,200
5438,6
5439,360
5440,384
5441,18
5442,19.5
5443,48
5444,28800
5445,0.4
5446,38
5447,2.9
5448,2.7
5449,1600
5450,0.16
5451,12
5452,24.96
5453,700
5454,224
5455,24
5456,0.08
5457,129.872
5458,1
5459,3
5460,15
5461,2
5462,9.6
5463,180
5464,5.2
5465,200
5466,24
5467,2
5468,1.7
5469,16.75
5470,33.456
5471,60
5472,1125000
5473,180
5474,9.5
5475,1
5476,8
5477,8
5478,7
5479,18000
5480,4800
5481,7
5482,2
5483,0.9
5484,2
5485,13.5
5486,7360
5487,150
5488,100
5489,1
5490,8
5491,12
5492,20
5493,53
5494,1
5495,87.5
5496,45
5497,3
5498,175
5499,3750
5500,112.8
5501,52
5502,9
5503,20
5504,440
5505,224
5506,-4.5
5507,1650
5508,250
5509,40
5510,3
5511,560
5512,32
5513,6.33
5514,290
5515,25
5516,5000
5517,20
5518,0.44
5519,5
5520,76
5521,288
5522,46500
5523,1920
5524,15
5525,3
5526,0.25
5527,110
5528,4.54
5529,9
5530,260
5531,253
5532,2
5533,1.612
5534,5
5535,2
5536,5400
5537,75.6
5538,0.1
5539,120
5540,8.57
5541,108
5542,81
5543,4
5544,2
5545,18
5546,-38.6
5547,73
5548,6
5549,1800
5550,900
5551,7.09
5552,900
5553,8
5554,9
5555,3300
5556,96
5557,70
5558,1
5559,200
5560,0
5561,300
5562,7200
5563,400
5564,60
5565,16
5566,8
5567,0
5568,200
5569,60
5570,2600
5571,350
5572,223
5573,33
5574,528
5575,28
5576,24
5577,12.42
5578,1.2
5579,140
5580,37.44
5581,192
5582,42.4
5583,1120
5584,120
5585,3
5586,195
5587,420
5588,360
5589,7
5590,1.7
5591,2400
5592,-205
5593,100
5594,1
5595,2
5596,179.5
5597,85.117647
5598,8.5
5599,3600
5600,1280
5601,17500
5602,10
5603,612
5604,640
5605,5
5606,9900
5607,3
5608,10
5609,2000
5610,12
5611,12
5612,1
5613,204060
5614,124
5615,2
5616,2
5617,19720
5618,7920
5619,21
5620,650
5621,500
5622,75
5623,7.5
5624,12
5625,40
5626,50
5627,280
5628,12000
5629,6
5630,250
5631,925
5632,49
5633,2700
5634,200
5635,100
5636,1.25
5637,3
5638,30
5639,6.28
5640,2
5641,491.2
5642,9.375
5643,75
5644,4200
5645,24
5646,6
5647,36
5648,330
5649,30
5650,12
5651,0.027
5652,600
5653,450
5654,0.5
5655,105
5656,100
5657,4.3333
5658,103
5659,5
5660,240
5661,60
5662,80
5663,0.125
5664,20
5665,32
5666,7.5
5667,210
5668,120
5669,0.822
5670,500
5671,2.42
5672,600
5673,60
5674,0.6
5675,400
5676,5
5677,34
5678,82
5679,1500
5680,500
5681,175
5682,2
5683,1
5684,230400
5685,0.036
5686,100
5687,407
5688,35.4375
5689,5.0625
5690,25
5691,642.8
5692,13
5693,45
5694,2
5695,190
5696,225
5697,1600
5698,6.5
5699,12
5700,12
5701,1.5
5702,40
5703,1
5704,21
5705,80
5706,3.5
5707,4
5708,209
5709,829
5710,1007
5711,750
5712,6
5713,400
5714,1.1
5715,3.14
5716,113
5717,20
5718,192
5719,2.333333
5720,945
5721,6.792
5722,2
5723,20
5724,720
5725,105
5726,7.2
5727,720
5728,4.8
5729,24
5730,7
5731,480
5732,992
5733,97.4
5734,5234
5735,0.8
5736,113.04
5737,425
5738,3430
5739,90
5740,8
5741,6.4
5742,9.58
5743,18
5744,600
5745,90000
5746,160
5747,2
5748,1600
5749,28
5750,678
5751,332
5752,760
5753,215
5754,479
5755,90
5756,142
5757,23
5758,32
5759,96
5760,12.5
5761,7.5
5762,300
5763,172.8
5764,885
5765,1
5766,75
5767,28.8
5768,720
5769,260
5770,50
5771,200
5772,22.69
5773,3
5774,37.5
5775,900
5776,17.5
5777,19
5778,26
5779,9
5780,88
5781,7/0
5782,2304
5783,96.67
5784,30
5785,1450
5786,262.5
5787,44
5788,12750
5789,600
5790,10
5791,24
5792,27600
5793,970
5794,16
5795,81
5796,420
5797,6
5798,39.7
5799,7.29
5800,672
5801,8
5802,6
5803,42.24
5804,3
5805,3
5806,200
5807,5
5808,126.67
5809,79.8
5810,0.0009
5811,-1.99
5812,5
5813,170
5814,706
5815,20
5816,45
5817,76
5818,7.2
5819,7.5
5820,5.8
5821,36
5822,5.5
5823,1
5824,34
5825,0.6
5826,1
5827,49
5828,240
5829,76
5830,2
5831,4
5832,100
5833,1.5
5834,1
5835,0.38
5836,200
5837,0.9
5838,0
5839,24
5840,20
5841,6
5842,24
5843,2.4
5844,274
5845,93
5846,8
5847,6000
5848,75
5849,14.6
5850,3
5851,79.5
5852,20
5853,960
5854,7.5
5855,9550
5856,7800
5857,-4000
5858,3840
5859,36
5860,45
5861,3.2
5862,98.9
5863,2
5864,5
5865,2.26
5866,6
5867,39.5
5868,0.45
5869,6.77
5870,120
5871,12
5872,2160
5873,2
5874,480
5875,6.4
5876,32
5877,72
5878,1.5
5879,450
5880,28
5881,491
5882,7.5
5883,250
5884,4.8
5885,100
5886,720
5887,3
5888,200
5889,105
5890,38
5891,90
5892,79
5893,56
5894,2200
5895,24
5896,4500
5897,7.7
5898,5576
5899,12
5900,13.5
5901,7
5902,56
5903,16000
5904,9
5905,22
5906,70
5907,450
5908,48
5909,7
5910,95
5911,69
5912,32
5913,63
5914,25
5915,4
5916,3
5917,7
5918,50
5919,60
5920,74
5921,8
5922,8
5923,18
5924,41
5925,42
5926,36
5927,7
5928,420
5929,921
5930,5
5931,800
5932,15
5933,72
5934,42
5935,26
5936,32
5937,8
5938,12
5939,35
5940,12
5941,20
5942,10
5943,15
5944,15
5945,10
5946,10
5947,18
5948,38
5949,48
5950,6
5951,4
5952,12
5953,11
5954,2
5955,42
5956,18
5957,32
5958,54
5959,40
5960,20
5961,34
5962,24
5963,36
5964,15
5965,24
5966,16
5967,53
5968,41
5969,3
5970,44
5971,53
5972,4
5973,10
5974,5
5975,12
5976,36
5977,3
5978,6
5979,12
5980,18
5981,20
5982,36
5983,4
5984,22
5985,75
5986,9
5987,24
5988,73
5989,27
5990,10
5991,204
5992,4
5993,28
5994,54
5995,76
5996,6
5997,4
5998,8
5999,5
6000,36
6001,21
6002,6
6003,6
6004,17
6005,79
6006,6
6007,9
6008,47
6009,91
6010,93
6011,28
6012,20
6013,20
6014,34
6015,40
6016,270
6017,218
6018,27
6019,20
6020,21
6021,40
6022,22
6023,6
6024,3
6025,4.5
6026,18
6027,17
6028,31
6029,6
6030,25
6031,31
6032,91
6033,84
6034,90
6035,54
6036,26
6037,23
6038,65
6039,6
6040,97
6041,33
6042,88
6043,16
6044,24
6045,57
6046,26
6047,4
6048,90
6049,13
6050,9
6051,16
6052,21
6053,270
6054,59
6055,98
6056,33
6057,7
6058,9
6059,8
6060,81
6061,81
6062,396
6063,69
6064,98
6065,80
6066,13
6067,12
6068,85
6069,18
6070,17
6071,9
6072,32
6073,72
6074,54
6075,20
6076,4
6077,0.25
6078,32
6079,25
6080,24
6081,6
6082,22
6083,53
6084,41
6085,37
6086,36
6087,19
6088,24
6089,21
6090,64
6091,49
6092,94
6093,40
6094,44
6095,30
6096,20
6097,35
6098,45
6099,25
6100,8
6101,8
6102,14
6103,17
6104,10
6105,72
6106,34
6107,9
6108,216
6109,108
6110,9
6111,46
6112,19
6113,15
6114,7
6115,7
6116,27
6117,30
6118,35
6119,40
6120,6
6121,66
6122,64
6123,101.25
6124,33
6125,40
6126,16
6127,24
6128,23
6129,8
6130,6
6131,8
6132,16
6133,15
6134,18
6135,12
6136,18
6137,3
6138,15
6139,104
6140,27
6141,20
6142,26
6143,16
6144,129
6145,21
6146,8
6147,27
6148,46
6149,0.5
6150,9
6151,80
6152,68
6153,26
6154,16
6155,45
6156,270
6157,139
6158,741
6159,652
6160,110
6161,42
6162,57.14
6163,5.5
6164,0.8
6165,0.4
6166,74.22
6167,1491
6168,528
6169,720
6170,585
6171,50
6172,144
6173,720
6174,30
6175,30
6176,-0.166667
6177,2400
6178,0.6
6179,7
6180,38
6181,3
6182,88
6183,160
6184,-350
6185,1295
6186,61
6187,1690
6188,260
6189,852
6190,1753
6191,85
6192,450
6193,90
6194,95
6195,4480
6196,30
6197,3800
6198,864
6199,3
6200,128
6201,3
6202,4
6203,216
6204,40
6205,40
6206,58
6207,9
6208,100
6209,23
6210,26
6211,136
6212,178
6213,-36
6214,142
6215,270
6216,109
6217,50
6218,24
6219,5
6220,467
6221,706
6222,177
6223,63
6224,2
6225,8
6226,52
6227,45
6228,9
6229,18
6230,315
6231,279
6232,6
6233,220
6234,50
6235,2200
6236,56
6237,96
6238,107
6239,16
6240,110
6241,34
6242,478
6243,5
6244,6
6245,255
6246,272
6247,82
6248,219
6249,75
6250,5
6251,5
6252,4
6253,300
6254,36
6255,142
6256,78
6257,400
6258,3
6259,27
6260,11
6261,44
6262,9
6263,968
6264,96
6265,41
6266,30
6267,3
6268,147
6269,540
6270,500
6271,120
6272,800
6273,77
6274,57
6275,600
6276,-2
6277,84
6278,250
6279,4
6280,2.5
6281,192
6282,186
6283,5
6284,46.2
6285,1.16
6286,3.61
6287,21
6288,6
6289,16
6290,8
6291,480
6292,0.62
6293,102
6294,51.6
6295,3
6296,1200
6297,95
6298,2.29
6299,57.9
6300,16.4
6301,12
6302,307
6303,30
6304,64
6305,165
6306,19
6307,210
6308,6
6309,74
6310,126
6311,8
6312,50
6313,13
6314,2
6315,45
6316,48
6317,45
6318,650000
6319,200
6320,77.5
6321,64
6322,30
6323,72
6324,2.5
6325,96
6326,12
6327,5940
6328,130
6329,3000
6330,6120
6331,11920
6332,710
6333,13550
6334,4800
6335,624
6336,225
6337,900
6338,9
6339,40
6340,140
6341,48
6342,200
6343,840
6344,2160
6345,3
6346,6
6347,540
6348,192
6349,1
6350,20
6351,4800
6352,13
6353,7.5
6354,50
6355,35
6356,840
6357,12.857143
6358,400
6359,15
6360,0.117778
6361,107
6362,2135
6363,30
6364,216
6365,0.6
6366,7.2
6367,3
6368,167
6369,674
6370,30
6371,28
6372,90
6373,0.333333
6374,-8
6375,856
6376,34
6377,1752
6378,18
6379,6
6380,13.71
6381,60
6382,12
6383,7000
6384,8
6385,180
6386,78
6387,750
6388,2.5
6389,0.9
6390,30
6391,0.6
6392,3
6393,46
6394,100
6395,420
6396,240
6397,5.2
6398,2.9
6399,1428
6400,79
6401,100
6402,50
6403,90
6404,0.5
6405,240
6406,750
6407,880
6408,660
6409,20000
6410,2925
6411,0.7
6412,1500
6413,350
6414,40%
6415,176.58
6416,130.1
6417,34.4
6418,78
6419,24
6420,7200
6421,3
6422,1980
6423,45
6424,210
6425,-3
6426,150
6427,180
6428,-370
6429,42
6430,13.5
6431,7.9
6432,69
6433,18
6434,145
6435,2.67
6436,72
6437,4050
6438,162
6439,17
6440,1200
6441,30
6442,0
6443,2
6444,56
6445,86.1
6446,9.42
6447,108.6
6448,6
6449,65
6450,349.04
6451,32
6452,38
6453,38
6454,2190
6455,111.6
6456,90
6457,165
6458,2
6459,648
6460,0.12
6461,30
6462,40
6463,122.5
6464,960
6465,800
6466,46
6467,10
6468,131
6469,21
6470,25
6471,200
6472,16
6473,2
6474,6.67
6475,0.25
6476,33
6477,8.375
6478,25
6479,4
6480,10
6481,0.719078
6482,48
6483,1355.4
6484,6
6485,300
6486,8
6487,4.9
6488,240
6489,6
6490,4
6491,140
6492,300
6493,105
6494,50
6495,62.8
6496,79.5
6497,100
6498,16.3
6499,10.7
6500,44
6501,50
6502,12.857143
6503,81
6504,24
6505,4800
6506,139
6507,180
6508,95
6509,16
6510,43
6511,105
6512,64
6513,205
6514,368
6515,0.875
6516,242
6517,86
6518,5.2
6519,3750
6520,17
6521,1696
6522,5
6523,1.89
6524,11.39
6525,2
6526,1728
6527,315
6528,6.292
6529,90
6530,252.5
6531,105.56
6532,32
6533,3
6534,1200
6535,30
6536,179
6537,54
6538,170
6539,15
6540,170
6541,25
6542,1080
6543,222
6544,17
6545,180
6546,500
6547,50
6548,112
6549,250
6550,16
6551,1476
6552,206
6553,9
6554,4
6555,648
6556,133
6557,27
6558,497
6559,4.47
6560,2400
6561,1320
6562,2.29
6563,25
6564,616
6565,35
6566,13.5
6567,9.2
6568,23
6569,80
6570,160
6571,45
6572,3000
6573,1500
6574,1500
6575,1908
6576,900
6577,97
6578,4
6579,8.33
6580,40
6581,360
6582,85
6583,2520
6584,1
6585,22.5
6586,576
6587,36
6588,70.5
6589,8.67
6590,672
6591,1330
6592,40
6593,90
6594,900
6595,3
6596,44
6597,6.7
6598,204
6599,2790
6600,560
6601,2250
6602,62
6603,332
6604,38.4
6605,215
6606,18750
6607,120
6608,18.5
6609,2
6610,30
6611,248
6612,4
6613,24
6614,624
6615,950
6616,624
6617,275
6618,37
6619,356
6620,42
6621,9
6622,4
6623,576
6624,1320
6625,6
6626,9280
6627,557
6628,600
6629,60
6630,848
6631,11.2
6632,72
6633,70.5
6634,280
6635,3
6636,7
6637,2
6638,24
6639,23
6640,17.5
6641,25
6642,910
6643,24
6644,552
6645,2
6646,1
6647,6960
6648,13730
6649,6
6650,306
6651,48
6652,25
6653,240
6654,637
6655,-10.1
6656,26.33
6657,20
6658,155
6659,630
6660,19.25
6661,266
6662,37.44
6663,280
6664,295
6665,1.43
6666,93
6667,624
6668,85
6669,23
6670,1050
6671,1872
6672,18
6673,611.5
6674,138
6675,291
6676,28.33
6677,742
6678,54000
6679,770
6680,60
6681,1400
6682,680
6683,21.47
6684,606
6685,7
6686,525
6687,404
6688,294
6689,726
6690,11.25
6691,52
6692,17.9
6693,560
6694,240
6695,84
6696,12
6697,675
6698,1152
6699,-10.3
6700,75
6701,288
6702,980
6703,13
6704,4840
6705,8.33
6706,45
6707,23
6708,4.2
6709,2
6710,18000
6711,10
6712,97
6713,-8
6714,22
6715,7
6716,16
6717,11
6718,18
6719,23
6720,85
6721,3216
6722,375
6723,75
6724,248
6725,16
6726,80
6727,9
6728,18
6729,6
6730,21
6731,29
6732,8
6733,12
6734,19
6735,48
6736,52
6737,79
6738,38
6739,96
6740,10
6741,41
6742,21
6743,-32
6744,12
6745,15
6746,2
6747,3
6748,30
6749,32
6750,21
6751,4
6752,29
6753,1430
6754,36
6755,80
6756,37
6757,8
6758,29
6759,17
6760,35
6761,45
6762,6
6763,20
6764,4
6765,36
6766,-4
6767,80
6768,-4
6769,4
6770,6
6771,6
6772,28.5
6773,60
6774,20
6775,6
6776,1.7
6777,9.5
6778,2
6779,17
6780,11
6781,17
6782,45
6783,-43
6784,27
6785,72
6786,94
6787,50
6788,8
6789,69
6790,87
6791,19
6792,58
6793,79
6794,-54
6795,-10
6796,30
6797,24
6798,109
6799,39
6800,-7
6801,37
6802,210
6803,58
6804,5
6805,104
6806,50
6807,100
6808,72
6809,42
6810,113
6811,34
6812,40
6813,100
6814,33
6815,47
6816,24
6817,25
6818,37
6819,91
6820,37
6821,49
6822,31
6823,23
6824,47
6825,15
6826,30
6827,38
6828,28
6829,28
6830,51
6831,80
6832,57
6833,6
6834,-65
6835,42
6836,34
6837,32
6838,24
6839,12
6840,5
6841,7
6842,7
6843,6
6844,19
6845,12
6846,12
6847,11
6848,0.5
6849,18
6850,3.5
6851,16
6852,6
6853,5
6854,6000
6855,17
6856,9
6857,8
6858,33.6
6859,178
6860,1020
6861,60
6862,52.8
6863,780
6864,320
6865,6.25
6866,22
6867,95%
6868,2800
6869,9
6870,160
6871,272
6872,1710
6873,1500
6874,3600
6875,144
6876,20
6877,5
6878,260
6879,40
6880,200
6881,200
6882,108
6883,16
6884,1460
6885,226.67
6886,88
6887,792
6888,60
6889,0.777778
6890,5
6891,432
6892,2
6893,9.75
6894,3
6895,296
6896,4
6897,840
6898,30
6899,2
6900,12
6901,2.35
6902,3.14
6903,97
6904,0.8
6905,51
6906,9
6907,24.5
6908,3
6909,625
6910,37
6911,345
6912,40
6913,96
6914,92.73
6915,0.2
6916,2
6917,36
6918,28.8
6919,2.16
6920,2
6921,-11
6922,0.0003
6923,27
6924,60.5
6925,24
6926,14
6927,5
6928,2
6929,1296
6930,17802
6931,2011
6932,70
6933,45.4
6934,6.4
6935,19.5
6936,18
6937,40
6938,8
6939,4
6940,-1%
6941,200
6942,60
6943,115%
6944,10.77
6945,48
6946,7.2
6947,4
6948,53
6949,37.5
6950,9
6951,10
6952,174
6953,126
6954,2.2
6955,45
6956,-8.75
6957,0.6
6958,9
6959,2
6960,150
6961,96
6962,6000
6963,960
6964,5
6965,160
6966,6
6967,75.36
6968,6
6969,6
6970,24
6971,24
6972,72
6973,10.9
6974,144
6975,120
6976,13.33
6977,10
6978,96
6979,92
6980,28
6981,10%
6982,-2550
6983,6000
6984,0.714286
6985,16
6986,3048
6987,208
6988,22.22
6989,460
6990,4500
6991,72000
6992,120
6993,30
6994,270
6995,6200
6996,700
6997,3.52
6998,300
6999,0
7000,7
7001,0.7
7002,2
7003,1.25
7004,64
7005,10
7006,120
7007,270
7008,20
7009,4.8
7010,51
7011,3.14
7012,2500
7013,4200
7014,136
7015,780
7016,0
7017,78
7018,8.4
7019,1620
7020,50
7021,78.54
7022,10
7023,132
7024,2
7025,3
7026,180
7027,2.612
7028,100%
7029,1
7030,15.2
7031,9.8
7032,580
7033,3
7034,25%
7035,96
7036,6.5
7037,146%
7038,0.512
7039,727
7040,4.285714
7041,780
7042,490
7043,345
7044,60
7045,8
7046,270
7047,96
7048,2.5
7049,10
7050,159.73
7051,1400
7052,48
7053,9.6
7054,16
7055,80
7056,18.84
7057,10
7058,0.96
7059,280
7060,90%
7061,17
7062,112.8
7063,384
7064,76.5
7065,3.7
7066,2800
7067,2.7
7068,12
7069,17.666
7070,1
7071,4
7072,275
7073,3
7074,50%
7075,45
7076,11
7077,50
7078,970
7079,1.5
7080,147.2
7081,4.266667
7082,60
7083,1050
7084,1.5
7085,1
7086,196
7087,7.2
7088,36
7089,35
7090,96
7091,100
7092,12
7093,71.98
7094,1900
7095,9.375
7096,176
7097,75
7098,10
7099,0.02
7100,40
7101,700
7102,0.39
7103,8
7104,0
7105,334
7106,785.44
7107,5
7108,15
7109,75
7110,1
7111,44
7112,4.5
7113,8
7114,9.444444
7115,60
7116,600
7117,100
7118,95.39
7119,58
7120,7.5
7121,215.1
7122,89.38
7123,668
7124,32
7125,6
7126,540
7127,86.94
7128,200
7129,225
7130,7.0625
7131,3.5
7132,0.3
7133,24
7134,226
7135,139
7136,26.67
7137,3
7138,75
7139,14.4
7140,2.62
7141,0.669
7142,9
7143,112.5%
7144,9.5
7145,14
7146,2
7147,100%
7148,11
7149,0.6
7150,0.333333
7151,107.4
7152,7900
7153,3
7154,180
7155,4666.67
7156,49775
7157,87
7158,0
7159,1.2
7160,72
7161,2500
7162,3.5
7163,3020
7164,128
7165,1.5
7166,1233.333
7167,320
7168,75
7169,7
7170,2
7171,79.2
7172,48
7173,75%
7174,0.2%
7175,45000
7176,0
7177,1000
7178,1505
7179,1.4
7180,1
7181,0
7182,1400
7183,92
7184,45
7185,72.5
7186,9
7187,768
7188,29
7189,-369
7190,97
7191,6.25
7192,225
7193,1280
7194,6160
7195,22.4
7196,1200
7197,144
7198,27
7199,4
7200,90
7201,-21
7202,1240
7203,108
7204,4.375
7205,79.5
7206,165
7207,2.333333
7208,7200
7209,568
7210,309
7211,3.44
7212,24
7213,276.4
7214,350
7215,3.14
7216,1
7217,40.96
7218,2
7219,710
7220,40
7221,128
7222,15
7223,20%
7224,750
7225,729000
7226,2.5
7227,2
7228,128
7229,170
7230,16%
7231,378
7232,300
7233,2.4
7234,43
7235,135
7236,13.8
7237,100
7238,0.666667
7239,1.1
7240,0.125
7241,98
7242,7
7243,46
7244,1.6375
7245,630
7246,65
7247,1.6
7248,168
7249,2000
7250,3000
7251,2.222222
7252,36
7253,0.9
7254,3000
7255,75
7256,1838
7257,510
7258,850
7259,193
7260,15
7261,48
7262,18
7263,19
7264,3.375
7265,1250
7266,33
7267,3200
7268,5.3
7269,5500
7270,8
7271,2
7272,48
7273,150
7274,3
7275,375
7276,0.5
7277,750
7278,15
7279,40000000
7280,5.2
7281,90
7282,240
7283,3%
7284,30
7285,30
7286,12
7287,10.5
7288,50
7289,95
7290,29.47
7291,560
7292,60
7293,90
7294,900
7295,9
7296,240
7297,150
7298,544
7299,28.4
7300,33.33
7301,80
7302,60
7303,120
7304,25600
7305,60
7306,10
7307,360
7308,350
7309,1.35
7310,0.00175
7311,74
7312,15000
7313,160
7314,109.7
7315,72
7316,10
7317,4
7318,978
7319,12
7320,51
7321,150
7322,480
7323,240
7324,430.26
7325,2
7326,1420
7327,1.6
7328,120
7329,16
7330,12.5
7331,640
7332,7.85
7333,18
7334,-300
7335,25
7336,2640
7337,0
7338,144
7339,126
7340,45.775
7341,48
7342,7
7343,30
7344,216
7345,72000
7346,49.5
7347,500
7348,5
7349,4560
7350,180
7351,96
7352,11.67
7353,24
7354,10
7355,6
7356,7.85
7357,162
7358,1
7359,5
7360,10
7361,940
7362,774
7363,8
7364,120
7365,1752
7366,1900
7367,2100
7368,600.2
7369,75
7370,1.92
7371,48
7372,1680
7373,38.4
7374,16
7375,0.175
7376,6
7377,53.904
7378,75
7379,3
7380,700
7381,8
7382,5040
7383,0.05
7384,5
7385,3943.84
7386,2
7387,600
7388,2.86
7389,14.25
7390,96
7391,6000
7392,5
7393,400
7394,400
7395,4
7396,7200
7397,38
7398,8
7399,60
7400,64
7401,1.2
7402,5
7403,8
7404,300
7405,360
7406,3.5
7407,9
7408,10000
7409,210
7410,115.2
7411,0.2083
7412,200
7413,75
7414,1
7415,8
7416,4.3867
7417,91.2
7418,195
7419,1
7420,5
7421,90
7422,9
7423,72
7424,117
7425,18
7426,12
7427,4
7428,1600
7429,3600
7430,100%
7431,480
7432,22
7433,1
7434,20
7435,9
7436,78
7437,4
7438,10
7439,0.233333
7440,680
7441,19.5
7442,180
7443,4.8
7444,225
7445,0.8
7446,36
7447,180
7448,7200
7449,7500
7450,10
7451,360
7452,9
7453,60
7454,520
7455,1
7456,60%
7457,20
7458,3.14
7459,12
7460,446.18
7461,360
7462,56
7463,312
7464,3.85
7465,250
7466,160
7467,9600
7468,0
7469,180
7470,20
7471,3.14
7472,10
7473,3
7474,153
7475,12
7476,360
7477,5
7478,120
7479,7.6
7480,37.67
7481,0.0505
7482,400
7483,30
7484,2925
7485,192
7486,432
7487,33.75
7488,5.67
7489,4000
7490,17.5
7491,399
7492,56
7493,80
7494,90
7495,18
7496,9.6
7497,450
7498,3.3
7499,30
7500,1.33
7501,0.75
7502,320
7503,3
7504,200
7505,173
7506,7
7507,6720
7508,66
7509,1680
7510,2.5
7511,972
7512,2700
7513,8
7514,90
7515,975
7516,51
7517,405
7518,1.5
7519,40
7520,1750
7521,3040
7522,300
7523,16
7524,744
7525,5
7526,51
7527,675
7528,1.75
7529,31
7530,8
7531,105
7532,4
7533,1200
7534,120
7535,2.88
7536,700
7537,56.96
7538,0.72
7539,35
7540,78
7541,372
7542,1212
7543,27.94
7544,40
7545,320
7546,6
7547,2
7548,45
7549,300
7550,75
7551,15700
7552,52900
7553,64
7554,55
7555,870
7556,56
7557,180
7558,6
7559,9
7560,10
7561,-12.5
7562,150
7563,14
7564,40
7565,4
7566,53
7567,8.5
7568,1180
7569,780
7570,46
7571,28
7572,25.72
7573,3
7574,7300
7575,0
7576,18
7577,50.24
7578,24.15
7579,0.333333
7580,200
7581,180
7582,29.4
7583,135
7584,1500
7585,0
7586,625
7587,44.75
7588,40
7589,182
7590,60
7591,79.5
7592,20
7593,5.555556
7594,7.5
7595,7620
7596,20
7597,19
7598,15
7599,19
7600,720
7601,10
7602,84.48
7603,24
7604,16
7605,76
7606,1000
7607,2
7608,9
7609,1
7610,2.4
7611,2
7612,34
7613,68
7614,1.92
7615,2.16
7616,10
7617,75
7618,54
7619,2
7620,2
7621,10
7622,1
7623,1
7624,0.03
7625,3
7626,512
7627,77.5
7628,44.95
7629,2
7630,3.06
7631,3.8
7632,3
7633,600
7634,90
7635,100
7636,800
7637,13.5
7638,60
7639,60
7640,1
7641,0.6
7642,3
7643,8
7644,21
7645,20
7646,0.72
7647,36
7648,0.5
7649,0.142857
7650,1120
7651,6750
7652,0.03
7653,2.64
7654,24
7655,2400
7656,0.95
7657,64
7658,20
7659,6.76
7660,7200
7661,31.8
7662,0.714286
7663,0.1125
7664,0.5
7665,0.4
7666,0.12
7667,7500
7668,496
7669,81
7670,20
7671,31
7672,-4.5
7673,12
7674,5
7675,505
7676,192
7677,72
7678,3.5
7679,1.58
7680,1.82
7681,3968
7682,8
7683,7.5
7684,-40
7685,10
7686,800
7687,64
7688,0.542857
7689,35
7690,1800
7691,36
7692,8280
7693,0.9
7694,3
7695,534
7696,9.6
7697,5.29
7698,1
7699,54
7700,33
7701,38.46
7702,6
7703,9.5
7704,13.35
7705,0.83
7706,3045
7707,1000
7708,28
7709,85
7710,300
7711,1
7712,40
7713,24
7714,3.5
7715,16.2
7716,46
7717,6.751111
7718,0.875
7719,68
7720,10
7721,8.666
7722,56
7723,120
7724,1350
7725,1
7726,10
7727,95.8
7728,216
7729,6
7730,21
7731,882
7732,18
7733,3.3
7734,16
7735,0.3375
7736,10
7737,6
7738,36
7739,2
7740,100
7741,480
7742,36
7743,85
7744,1200
7745,1
7746,38
7747,3
7748,-194
7749,15
7750,4
7751,700
7752,1.8
7753,440
7754,1000
7755,1.75
7756,8
7757,1246
7758,1.875
7759,2.9
7760,20
7761,7.8
7762,400
7763,8
7764,0.222222
7765,3
7766,72
7767,20000
7768,24.9
7769,2
7770,230
7771,2865
7772,13
7773,2
7774,6
7775,2
7776,1214
7777,4
7778,3.75
7779,60
7780,3.2
7781,2
7782,3.067
7783,17
7784,200
7785,10
7786,19.167
7787,18
7788,1800
7789,1500
7790,100
7791,26.96
7792,270
7793,0.428571
7794,3.5
7795,15
7796,16.67
7797,5
7798,1260
7799,2400
7800,150
7801,170
7802,400
7803,2
7804,6
7805,-24
7806,5
7807,106
7808,169
7809,4.125
7810,2.4
7811,0
7812,1.5
7813,300
7814,96
7815,600
7816,100
7817,3
7818,240
7819,2.55
7820,25
7821,0.7
7822,5416
7823,57
7824,0.67
7825,12
7826,60
7827,60
7828,80000
7829,6
7830,72
7831,1140
7832,36
7833,0.042
7834,9.3
7835,127
7836,8
7837,9
7838,600
7839,3
7840,32.333333
7841,3
7842,5
7843,4.2
7844,45
7845,33
7846,119.9333
7847,150
7848,45
7849,350
7850,353
7851,0.75
7852,570
7853,6.87
7854,16
7855,1
7856,4
7857,0.65
7858,72
7859,160
7860,32.73
7861,5
7862,120
7863,3
7864,1.8
7865,17.33
7866,240
7867,45
7868,0.175
7869,41
7870,140
7871,4
7872,960
7873,12.6
7874,28
7875,2
7876,0.416667
7877,7
7878,50
7879,12.67
7880,4
7881,150
7882,312.5
7883,60
7884,0.045455
7885,0.16
7886,96
7887,0.388889
7888,72
7889,0
7890,8
7891,1.125
7892,0.333333
7893,765
7894,212.9091
7895,24
7896,8670
7897,11.7
7898,8
7899,2
7900,13
7901,9.17
7902,5
7903,1.4
7904,6.02
7905,18
7906,68
7907,600
7908,5
7909,1
7910,8
7911,0.166667
7912,100
7913,432000
7914,36
7915,1
7916,200
7917,6
7918,1.25
7919,720
7920,4
7921,8
7922,1
7923,0.75
7924,7
7925,3
7926,150
7927,900
7928,65
7929,960
7930,50
7931,160
7932,0.8
7933,204
7934,5
7935,0.625
7936,0.4
7937,0.6
7938,1000
7939,7.95
7940,7.25
7941,17
7942,0.25
7943,14
7944,300
7945,43.75
7946,15.6
7947,15
7948,1
7949,16
7950,6000
7951,3600
7952,23
7953,1.2
7954,128
7955,86
7956,57.94
7957,2502
7958,7.5
7959,3
7960,0.7
7961,8.5
7962,350
7963,0.01
7964,9360
7965,6
7966,20
7967,150
7968,1764
7969,9.25
7970,105
7971,4
7972,124.8
7973,1
7974,0.25
7975,840
7976,120
7977,20000
7978,27.55
7979,20
7980,42
7981,336
7982,9.857143
7983,45
7984,24
7985,430
7986,40
7987,300
7988,36
7989,144000
7990,170
7991,22.22
7992,6
7993,1200
7994,193
7995,0.166667
7996,180
7997,7000
7998,0.714286
7999,10
