0,3960
1,0
2,32
3,12
4,6
5,1290
6,600
7,15
8,8.8
9,3
10,41
11,10.5
12,80
13,56
14,36
15,8172
16,16
17,23.9
18,311.25
19,10
20,12
21,5
22,100
23,68
24,300
25,160
26,38
27,128
28,1.884
29,1950
30,3.6
31,80
32,9
33,720
34,42
35,0.95
36,251
37,5
38,0.933333
39,48
40,400
41,24
42,6
43,500
44,4
45,17
46,95
47,288
48,40
49,280
50,656
51,9
52,7600
53,280
54,778
55,120
56,42
57,4875
58,1248
59,6
60,13
61,1201
62,1300
63,738
64,1176
65,697.6
66,13000.8
67,400
68,3360
69,765
70,10
71,73.2
72,6600
73,0.875
74,200
75,3.8
76,6.28
77,0.65
78,24
79,194
80,3.9
81,66
82,8
83,98
84,260
85,25%
86,15
87,137
88,402
89,374
90,38.88
91,20
92,8
93,1735
94,400
95,188.4
96,8
97,17
98,3
99,260
100,2024.96
101,400
102,388.8
103,13
104,3.636364
105,20
106,0.555556
107,427.5
108,10.9
109,6
110,0.7
111,1200
112,560
113,159
114,17
115,-160
116,5925
117,623
118,192
119,124
120,1.82
121,13
122,24.97
123,69
124,20000
125,90%
126,185
127,0.5
128,101
129,770
130,0.777778
131,6089
132,10
133,9
134,11200
135,7
136,695
137,0.02
138,24
139,88
140,90
141,337
142,96
143,15
144,8126.72
145,356
146,0.666667
147,8400
148,4800
149,8
150,0.222222
151,494
152,2.857143
153,490
154,8000
155,0.3
156,0.357143
157,600
158,40
159,8
160,30
161,5
162,5
163,6
164,28
165,1350
166,336
167,250
168,10
169,312
170,3.333333
171,7
172,1080
173,144
174,0.314286
175,14
176,44
177,9
178,32
179,12
180,79
181,0
182,12
183,27
184,0.55
185,650
186,5000
187,4.2
188,312
189,2.5
190,125
191,122.4
192,10495
193,880
194,12400
195,-19428
196,704
197,84.78
198,450
199,272
200,450
201,114
202,18
203,0.35
204,2000
205,40
206,0.666667
207,6
208,40
209,6135
210,6
211,1069.5
212,3091
213,31873.8
214,6
215,612500
216,4
217,12.75
218,63072
219,200
220,5
221,333
222,20
223,16
224,200
225,1872
226,32
227,9
228,0.857143
229,12
230,190
231,293
232,3625
233,207
234,684
235,3500
236,691
237,4950
238,0.055556
239,205
240,800
241,76
242,1.625
243,5375
244,108
245,0.6
246,25
247,1.708333
248,240
249,9
250,3.14
251,60
252,3073.6
253,1260
254,8.9
255,120
256,1536
257,6
258,490
259,5
260,2700
261,137.142857
262,35
263,160
264,4.8
265,6
266,0.458333
267,276
268,26
269,94
270,25000
271,102300
272,750
273,12
274,520
275,1815
276,-289
277,5.4
278,32
279,750
280,301.44
281,8
282,6
283,736
284,64
285,18
286,240
287,579
288,3.6
289,2250
290,944
291,5
292,80
293,546
294,16
295,21
296,5280
297,10
298,4
299,91
300,224
301,0.4
302,8
303,8
304,81
305,314
306,9
307,20
308,50
309,6
310,102.8
311,450
312,31
313,0.285714
314,36
315,60
316,0.4
317,324
318,900
319,0.5
320,11.2
321,432
322,0.5
323,3
324,0.32
325,6
326,3450
327,71.25
328,890
329,5
330,12475
331,434000
332,16000
333,300
334,0.571429
335,1344
336,15
337,486
338,6
339,10
340,0.1
341,90
342,21
343,1.26
344,60
345,90
346,48
347,5
348,425
349,800
350,0.32
351,600
352,465
353,1488
354,168
355,140
356,168.33
357,2
358,25000
359,1.92
360,11304
361,1256
362,45
363,9
364,0.05
365,540
366,0.314286
367,32
368,0.125
369,209
370,150
371,242
372,10
373,7
374,36
375,1350
376,591
377,28.8
378,4429
379,2.727273
380,70
381,43
382,0.4
383,6240
384,56375
385,91
386,5
387,65.94
388,150
389,19
390,3
391,1260
392,768
393,800
394,47.1
395,1150
396,450
397,16.5
398,6592
399,13
400,1656
401,136
402,864
403,2.222222
404,350
405,32
406,100
407,0.266667
408,5
409,3.14
410,12
411,6
412,0.234375
413,800
414,10
415,86
416,55
417,8
418,1320
419,20
420,0.222222
421,1
422,330
423,1.07
424,1.12
425,15.12
426,18
427,163
428,127
429,1000
430,580
431,120
432,3840
433,112
434,12960
435,31
436,544
437,44
438,1.275
439,6300
440,0.25
441,45
442,410
443,87.5
444,64
445,765
446,0.6
447,0.45
448,20
449,1920
450,1036
451,68
452,13.79
453,10
454,30
455,133
456,1080
457,4.1667
458,76
459,390
460,24
461,2400
462,33
463,816
464,12
465,1710
466,20
467,246
468,21
469,30
470,12
471,16
472,700
473,125.6
474,6
475,21
476,534
477,10
478,1152
479,231
480,32
481,533
482,1.15
483,320
484,30
485,280
486,132
487,216
488,16
489,1204
490,4
491,96
492,140
493,44.72
494,440
495,2095.14
496,1080
497,1440
498,80
499,1344
500,272
501,700
502,320
503,7.5
504,885
505,639
506,2430
507,350
508,188.4
509,24
510,13200
511,14
512,0.425
513,3.5
514,120
515,58
516,786
517,1.57
518,0.5
519,560
520,45
521,8
522,355
523,1800
524,0.375
525,200
526,340
527,100
528,24
529,753.6
530,120
531,12
532,150
533,52.95
534,6
535,450
536,13.44
537,22
538,7
539,96
540,270
541,10
542,216
543,0.666667
544,44
545,96
546,3.14
547,84
548,10
549,108
550,1730
551,2
552,48
553,3
554,1100
555,750
556,11
557,21
558,3.14
559,50.24
560,0.36
561,6
562,0.291667
563,90
564,17
565,30
566,3
567,147
568,85
569,2500
570,266
571,16.8
572,10700
573,24
574,7500
575,59.85
576,6
577,8
578,25
579,480
580,1600
581,9
582,348.6
583,706.67
584,2
585,12
586,12
587,33
588,50
589,240
590,3
591,16
592,40
593,0.127
594,4
595,16
596,0.9
597,470
598,192
599,1000
600,1176
601,12.5
602,3
603,44.444444
604,125
605,0.4
606,1
607,3
608,5
609,62
610,900
611,17
612,174
613,180
614,9.6
615,34
616,116.8
617,4
618,2.49
619,126.67
620,99.4
621,50
622,80
623,114
624,0
625,15
626,352
627,3
628,57
629,27
630,60
631,0.785
632,3
633,2000
634,0.38
635,5
636,93.75
637,42.86
638,0.99
639,60
640,10
641,240
642,45
643,32
644,2
645,22
646,6
647,14
648,215
649,140
650,340
651,48
652,11
653,20
654,98
655,49
656,40
657,98
658,96
659,95
660,60
661,0.001667
662,950
663,75
664,60
665,1094.5
666,0.5
667,5
668,13
669,3600
670,22.5
671,306.25
672,18
673,53
674,5
675,92
676,8
677,6
678,98
679,96
680,1000
681,460000
682,120
683,450
684,2
685,21
686,3360
687,33.333333
688,36
689,34
690,320
691,1500
692,81
693,-12
694,30
695,550
696,16
697,18
698,0.775
699,60
700,72
701,36
702,5
703,7.5
704,6
705,-22.875
706,6
707,0.625
708,20
709,-3
710,32
711,57
712,2
713,0.3
714,10
715,1000
716,240
717,384
718,32
719,66
720,150
721,200
722,135
723,1200
724,76
725,70.9
726,425
727,117
728,1
729,160
730,240
731,60
732,32
733,100
734,295
735,135
736,7.8
737,0.2
738,51.428571
739,160
740,95
741,2.5
742,0.75
743,0.041667
744,666.666667
745,1280
746,1
747,171.6
748,32.4
749,328
750,18
751,186
752,90
753,11
754,84
755,250
756,6
757,80
758,0.5
759,60000
760,250
761,15
762,191.74
763,200.96
764,57
765,8.333
766,21555.2
767,3.44
768,7972
769,30
770,751
771,42
772,10796.25
773,25
774,2.4
775,10
776,6
777,320
778,420
779,4
780,5
781,3440
782,4000
783,5
784,117
785,156
786,12.56
787,2
788,75
789,18
790,50
791,54
792,712.5
793,10
794,72.09
795,3
796,6.4
797,9
798,20
799,80
800,28.8
801,55
802,16
803,84
804,30
805,25.6
806,200
807,220
808,16
809,12
810,7.8
811,11
812,20
813,565.2
814,25
815,4000
816,2000
817,13
818,8
819,90
820,122
821,360
822,88
823,60
824,50.24
825,1050
826,1462
827,20
828,2.4
829,21
830,290
831,160
832,25
833,-3.157
834,0.25
835,16
836,45
837,20.48
838,44
839,5
840,0.333333
841,1.7
842,8
843,25
844,546
845,30
846,56
847,42
848,586.68
849,24
850,1080
851,1320
852,20
853,24
854,20
855,12
856,9
857,400
858,94.5
859,1
860,125
861,120
862,48
863,0.285714
864,24
865,11
866,1
867,25
868,36.3
869,0.75
870,13.2
871,2
872,9
873,63
874,90.3
875,17
876,8000
877,14.29%
878,27.792
879,78.5%
880,106.666667
881,10
882,12
883,14
884,6
885,20
886,7.09375
887,157
888,24
889,480
890,12
891,918
892,1875
893,17
894,720
895,18
896,285
897,20
898,96
899,240000
900,4000
901,207000
902,2
903,225
904,150
905,150
906,120
907,2100
908,27
909,1
910,9
911,3.03
912,13
913,10
914,33.6
915,425
916,7536
917,62.8
918,3.14
919,5.4
920,200
921,2
922,2.5
923,96
924,133
925,9
926,96%
927,260
928,8
929,27.2
930,31250
931,140000
932,120
933,469.76
934,7.1
935,44000
936,90
937,120
938,6.66
939,11
940,88
941,19
942,210
943,24
944,19
945,0.416667
946,176
947,5.666
948,0.111111
949,6
950,0.6
951,16
952,192
953,6.75
954,96
955,10
956,16
957,60
958,7840
959,130
960,6
961,7
962,640
963,32138.75
964,16
965,5
966,25
967,2000
968,30
969,0.125
970,152.4
971,10
972,3424
973,2
974,41
975,2
976,70
977,2
978,353.8
979,910
980,182.9
981,2400
982,0.03
983,448
984,4.7
985,74
986,800
987,10
988,6
989,110
990,24
991,3105
992,581
993,700
994,57%
995,2040
996,0.990099
997,90
998,72
999,0.2
1000,0.314
1001,140
1002,89
1003,9
1004,6
1005,10%
1006,20
1007,31
1008,979200
1009,0.625
1010,2.5
1011,163
1012,312.5
1013,10.4%
1014,13
1015,50
1016,15
1017,562
1018,85
1019,0.333333
1020,9
1021,1.5%
1022,40%
1023,251.2
1024,10
1025,44080
1026,16000
1027,1.25
1028,63
1029,312
1030,2.142857
1031,215.6
1032,3
1033,0.166667
1034,0.6875
1035,14.25
1036,0.432
1037,30
1038,210
1039,0.7
1040,1
1041,6300
1042,12
1043,31.4
1044,0.927
1045,343
1046,0.5625
1047,189
1048,12167
1049,412.5
1050,60
1051,7
1052,240
1053,20
1054,1490
1055,1
1056,36
1057,4058.4
1058,0.3125
1059,512
1060,180
1061,11
1062,3.77
1063,7.5
1064,60
1065,20
1066,20
1067,4.5
1068,90
1069,45
1070,55
1071,37.5
1072,72
1073,284
1074,0.2
1075,4138
1076,42
1077,272
1078,0.75
1079,40
1080,2
1081,105
1082,17.5
1083,20
1084,130000000
1085,12.2
1086,0.9
1087,480
1088,0.444444
1089,0.0144
1090,390
1091,675
1092,4875
1093,32
1094,356
1095,18
1096,1440
1097,0.375
1098,45
1099,120
1100,0.142857
1101,16
1102,859
1103,35
1104,285
1105,0.4
1106,48.4
1107,12
1108,15
1109,16
1110,27
1111,3
1112,45.12
1113,33%
1114,800
1115,68
1116,6
1117,20
1118,8
1119,3
1120,15
1121,30
1122,18
1123,10
1124,16
1125,820
1126,14
1127,1.4
1128,10000
1129,0.06666
1130,0.56
1131,11
1132,30
1133,550
1134,128
1135,15
1136,30.1
1137,95
1138,480
1139,200
1140,9000
1141,27
1142,6
1143,60
1144,40
1145,4
1146,300
1147,324
1148,168
1149,19.3
1150,2.32
1151,10
1152,0.5
1153,770
1154,-12
1155,180
1156,11
1157,15
1158,1154
1159,-1.714
1160,21
1161,6
1162,72
1163,108
1164,9165
1165,12
1166,6
1167,20
1168,24.6
1169,15
1170,11%
1171,900
1172,120
1173,0.425
1174,1.5
1175,100
1176,30
1177,1.33
1178,7400
1179,276
1180,5
1181,360
1182,24
1183,36
1184,82
1185,120
1186,2
1187,199
1188,39996
1189,299
1190,6
1191,300
1192,27
1193,33750
1194,96
1195,4.76%
1196,45
1197,46.5625
1198,270
1199,2
1200,345.6
1201,0.25
1202,1.9
1203,33.33%
1204,51
1205,5.6
1206,18
1207,188
1208,9
1209,3
1210,0
1211,14.285714
1212,8
1213,45%
1214,3.25
1215,2.5
1216,-46
1217,14
1218,18
1219,750
1220,73.33%
1221,60
1222,2.25
1223,196.2
1224,48
1225,30
1226,188.4
1227,600
1228,18
1229,5
1230,3.2
1231,6.4
1232,54
1233,64
1234,12600
1235,94.2
1236,77
1237,270
1238,15
1239,25
1240,26%
1241,12
1242,200
1243,240
1244,147
1245,4200
1246,85
1247,89
1248,56
1249,90
1250,33
1251,45
1252,36
1253,16
1254,36
1255,8
1256,30
1257,38
1258,24
1259,16
1260,53
1261,22
1262,4
1263,37
1264,6
1265,45
1266,8
1267,-13
1268,23
1269,18
1270,55
1271,53
1272,30
1273,26
1274,46
1275,12
1276,72
1277,8
1278,84
1279,30
1280,90
1281,51
1282,84
1283,24
1284,384
1285,40
1286,45
1287,35
1288,27
1289,48
1290,9
1291,-14
1292,44
1293,10
1294,36
1295,8
1296,10
1297,3
1298,8
1299,6
1300,6
1301,20
1302,6
1303,6.2
1304,6
1305,6
1306,4
1307,5
1308,8
1309,9
1310,7
1311,6
1312,4
1313,32
1314,4
1315,9
1316,13
1317,6
1318,11
1319,6
1320,7
1321,16
1322,80
1323,31
1324,92
1325,40
1326,17
1327,9
1328,20
1329,6
1330,42
1331,6
1332,68
1333,22
1334,4
1335,25
1336,54
1337,64
1338,30
1339,5
1340,73
1341,24
1342,6
1343,7
1344,24
1345,84
1346,31
1347,33
1348,6
1349,17
1350,85
1351,16
1352,19
1353,28
1354,33
1355,1.8
1356,220
1357,75.36
1358,160
1359,700
1360,4
1361,33000
1362,30000
1363,0.555556
1364,0.033333
1365,0.8
1366,192
1367,8
1368,30944
1369,120
1370,16
1371,81
1372,335
1373,60
1374,51
1375,0.514286
1376,520
1377,228
1378,20
1379,11.04
1380,9
1381,726.56
1382,400
1383,30
1384,400
1385,16.4
1386,28
1387,2
1388,150
1389,8.62
1390,40
1391,60
1392,48000
1393,237
1394,40
1395,16
1396,6400
1397,58
1398,95
1399,840
1400,6
1401,180
1402,640
1403,60
1404,40
1405,36
1406,521
1407,196
1408,787
1409,100
1410,139
1411,20
1412,6250
1413,40
1414,224
1415,700
1416,31619
1417,3
1418,60
1419,31
1420,0.883333
1421,30.6
1422,33.45
1423,3.6
1424,0.008
1425,9
1426,9
1427,4
1428,98
1429,11
1430,22.5
1431,28
1432,6
1433,504
1434,2.4
1435,44.3
1436,190
1437,270.92
1438,197.35
1439,20
1440,12
1441,11
1442,110
1443,0.3
1444,36
1445,15
1446,13950
1447,150
1448,0.35
1449,4
1450,44
1451,288
1452,72
1453,307
1454,36
1455,8
1456,169
1457,31
1458,4
1459,9
1460,3600
1461,560
1462,0.7
1463,40.5
1464,4
1465,290
1466,81
1467,206
1468,8
1469,0.21
1470,137
1471,30
1472,40
1473,36
1474,26
1475,8
1476,50
1477,9000
1478,0.94
1479,16
1480,0.6
1481,349
1482,15
1483,3
1484,0.922481
1485,4
1486,10
1487,33
1488,8
1489,56
1490,9
1491,30
1492,90
1493,2125
1494,32
1495,40400
1496,4
1497,18
1498,-1.1
1499,2370
1500,568.75
1501,3.6
1502,149
1503,4
1504,371
1505,28
1506,4
1507,64
1508,18.4
1509,180
1510,945
1511,50
1512,5000
1513,180
1514,10
1515,520
1516,36
1517,1.55
1518,48
1519,6
1520,90
1521,40
1522,300
1523,4.1
1524,272
1525,576
1526,160
1527,3
1528,20.24
1529,780
1530,505
1531,22
1532,4
1533,162.5
1534,4800
1535,0.5
1536,2.5
1537,30
1538,0.047619
1539,160
1540,128
1541,451.84
1542,23
1543,90
1544,11.84
1545,400
1546,350
1547,18
1548,1
1549,10
1550,390
1551,56
1552,3050
1553,2250
1554,8
1555,753.6
1556,0.2827
1557,8.4
1558,4
1559,20000
1560,1777.777778
1561,17
1562,10
1563,48
1564,0.04
1565,40
1566,360
1567,10.5
1568,4600
1569,9
1570,3000
1571,12
1572,15.7
1573,7
1574,52
1575,6
1576,9420
1577,41.5
1578,210
1579,306
1580,10
1581,6.4
1582,125
1583,250
1584,63
1585,1237.5
1586,300
1587,100
1588,41
1589,96
1590,73
1591,792
1592,102
1593,140
1594,75
1595,280
1596,5.2
1597,22.5%
1598,31
1599,70
1600,30
1601,64
1602,40
1603,800
1604,30
1605,350%
1606,1512
1607,180
1608,8
1609,12.56
1610,5024
1611,5024
1612,763.636
1613,8
1614,37.68
1615,48
1616,563
1617,1
1618,150
1619,444
1620,45
1621,120
1622,40.32
1623,120
1624,1.6
1625,369.86
1626,4
1627,2500000
1628,0.5
1629,18
1630,625
1631,0.416667
1632,15
1633,2
1634,8.5
1635,20
1636,11
1637,54
1638,19.7
1639,6.25
1640,72
1641,17.6
1642,480
1643,720
1644,12.36
1645,5050
1646,12.56
1647,0.05
1648,27
1649,27
1650,1770
1651,50
1652,94
1653,15
1654,92
1655,1256
1656,49
1657,1200
1658,90
1659,0.2
1660,162
1661,2.857143
1662,1
1663,10
1664,3.2
1665,3
1666,53
1667,66
1668,500
1669,0.36
1670,0.9
1671,109450
1672,70
1673,30
1674,50
1675,9
1676,1
1677,25
1678,90
1679,990
1680,610
1681,990
1682,142
1683,600
1684,12.96
1685,16
1686,150
1687,540
1688,1594.844
1689,150
1690,1120
1691,4
1692,4.8
1693,40
1694,37.68
1695,360
1696,10.4
1697,1
1698,30
1699,8
1700,20
1701,25
1702,6.86
1703,5.6
1704,3.2
1705,0.25
1706,0.888889
1707,-10
1708,15000
1709,7
1710,384
1711,3.5e-05
1712,0.66
1713,40
1714,4
1715,10
1716,6
1717,450
1718,15
1719,720
1720,40
1721,44
1722,1
1723,48
1724,9.42
1725,22
1726,9
1727,2
1728,16
1729,1
1730,1.5
1731,10
1732,110
1733,37.5
1734,25
1735,360
1736,41.475
1737,130
1738,240
1739,520
1740,23
1741,60
1742,18
1743,1380
1744,216
1745,136
1746,80
1747,36
1748,24
1749,15
1750,114
1751,1
1752,7
1753,1.74
1754,79
1755,45
1756,0.416667
1757,1200
1758,31.4
1759,20
1760,17
1761,192
1762,32.13
1763,506
1764,20
1765,300
1766,51
1767,6
1768,36
1769,8
1770,3
1771,80
1772,90
1773,2700
1774,12.8
1775,80
1776,80
1777,150
1778,22960
1779,1030
1780,50
1781,9
1782,1175
1783,1800
1784,67
1785,2
1786,9
1787,6
1788,952
1789,6
1790,600
1791,250
1792,20
1793,11460
1794,5
1795,22
1796,5
1797,-2.2
1798,24
1799,500
1800,8000
1801,1
1802,3360
1803,48000
1804,500
1805,300
1806,7200
1807,32
1808,80
1809,8
1810,660
1811,-8
1812,65.94
1813,5
1814,7
1815,72
1816,9
1817,8
1818,102
1819,72
1820,7040
1821,9
1822,1065
1823,10
1824,3796.4
1825,1395
1826,10
1827,5
1828,160
1829,223.98
1830,40
1831,3
1832,5
1833,6240
1834,272
1835,502.4
1836,165
1837,4
1838,12
1839,0.5
1840,9.6
1841,2
1842,12
1843,4
1844,2.8
1845,37.68
1846,0.025
1847,702
1848,9
1849,3000
1850,818
1851,155.8
1852,30
1853,1035
1854,3
1855,12
1856,1800
1857,9.5
1858,60
1859,1
1860,70
1861,0.1
1862,96
1863,24
1864,8
1865,8
1866,1120
1867,6
1868,9
1869,6720
1870,630
1871,30
1872,5400
1873,8000
1874,0.5
1875,11
1876,24
1877,6
1878,70
1879,56
1880,7.065
1881,7.35
1882,6
1883,3888
1884,1088
1885,19
1886,20
1887,1.5
1888,0.6
1889,3
1890,16
1891,52%
1892,54
1893,28.26
1894,100
1895,768
1896,7.5
1897,3
1898,24
1899,40
1900,9
1901,40
1902,36
1903,2.1
1904,3
1905,48
1906,420
1907,38
1908,27
1909,15.75
1910,26.1
1911,1469
1912,12
1913,9
1914,0.148
1915,108
1916,6
1917,11
1918,17
1919,96
1920,12
1921,22.4
1922,11
1923,5106
1924,13
1925,45.6
1926,120
1927,24
1928,2.25
1929,1
1930,20
1931,5
1932,160
1933,156
1934,250
1935,3
1936,597.6
1937,3.4792
1938,11
1939,41
1940,533
1941,0.8
1942,6.28
1943,500
1944,80.7
1945,3
1946,8
1947,87.5
1948,4
1949,1
1950,20%
1951,70
1952,5
1953,3.2
1954,4
1955,4900
1956,1
1957,217
1958,34.54
1959,120
1960,16
1961,0.04
1962,3740
1963,25
1964,42000
1965,4
1966,113
1967,160
1968,2
1969,20
1970,89
1971,4.1
1972,3.6
1973,2.51
1974,6
1975,42
1976,95
1977,210
1978,37.5
1979,7
1980,4600
1981,30
1982,14.4
1983,25
1984,20
1985,42
1986,-100
1987,54
1988,1.5
1989,2398
1990,201
1991,13
1992,4985
1993,5427.5
1994,22
1995,4605
1996,0
1997,18
1998,3.5
1999,16
2000,12
2001,168
2002,5.454545
2003,81
2004,8
2005,45
2006,260
2007,885
2008,900
2009,621
2010,5
2011,45
2012,2800
2013,20
2014,6
2015,2
2016,15
2017,4
2018,150
2019,100
2020,20
2021,480
2022,300
2023,400
2024,35
2025,12.7
2026,50
2027,-1
2028,4
2029,15%
2030,0.05%
2031,5
2032,63
2033,56
2034,720
2035,2300
2036,648
2037,360
2038,384
2039,4
2040,5
2041,113.04
2042,9420
2043,5
2044,0.04166
2045,156
2046,240
2047,10
2048,7
2049,20
2050,3
2051,1099
2052,30
2053,748.8
2054,5
2055,271.92
2056,54
2057,150
2058,1.2
2059,1900000
2060,0.7
2061,41
2062,5415
2063,30.2
2064,24
2065,340
2066,7500
2067,12800
2068,12.56
2069,315
2070,18
2071,269
2072,3
2073,96
2074,22
2075,123
2076,2975
2077,5
2078,400
2079,2000
2080,2.94
2081,22
2082,35
2083,120
2084,3.75
2085,80
2086,301.44
2087,54
2088,0.7
2089,1740
2090,112
2091,108
2092,5555.555556
2093,900
2094,672
2095,153.86
2096,31.4
2097,24
2098,240
2099,31.4285
2100,780
2101,250
2102,20
2103,50
2104,96
2105,32
2106,125.6
2107,16
2108,1560
2109,2464
2110,400
2111,120
2112,4
2113,19.968
2114,8
2115,622
2116,0.083333
2117,200
2118,157
2119,84
2120,15
2121,88
2122,804
2123,7.065
2124,1.3
2125,4
2126,830
2127,99
2128,268
2129,80
2130,6.857143
2131,300
2132,17
2133,-3820
2134,7
2135,46.87
2136,22
2137,7
2138,14
2139,12
2140,2
2141,4
2142,11
2143,12
2144,3.95
2145,1
2146,1296
2147,24
2148,1.125
2149,13.33
2150,678.6
2151,43.952
2152,40
2153,31.4
2154,709
2155,320
2156,11
2157,120
2158,15
2159,45.216
2160,715
2161,480
2162,732
2163,1
2164,22
2165,82.5
2166,11904
2167,470
2168,182
2169,523
2170,2.5
2171,5
2172,32.5%
2173,10967
2174,6
2175,12%
2176,325
2177,17
2178,154
2179,40
2180,7850
2181,90000
2182,715
2183,4.5
2184,51300
2185,100
2186,100
2187,441
2188,1456
2189,300
2190,900
2191,9
2192,30
2193,56
2194,2
2195,3400
2196,24
2197,12.56
2198,40
2199,12
2200,810
2201,344
2202,3240
2203,11400
2204,2
2205,4
2206,18
2207,70
2208,12.5
2209,295
2210,496
2211,502.4
2212,350
2213,43.2
2214,1.42
2215,2
2216,9
2217,560
2218,10
2219,25
2220,10890
2221,1245
2222,495
2223,57
2224,7.85
2225,40
2226,200
2227,80
2228,8.4
2229,2000
2230,75.36
2231,4
2232,0.0625
2233,72
2234,1.07
2235,1.04
2236,18
2237,10
2238,-32
2239,0.833333
2240,1500
2241,1503
2242,-272
2243,6300
2244,45
2245,1.4
2246,7
2247,121.5
2248,4.5
2249,2000
2250,45216
2251,120
2252,114
2253,12
2254,1440
2255,9
2256,60
2257,5750
2258,32
2259,113
2260,360
2261,16%
2262,22
2263,3.2
2264,5.454545
2265,100
2266,232
2267,22.5
2268,71
2269,36
2270,39
2271,44
2272,44
2273,7
2274,20
2275,729
2276,1053
2277,320
2278,2
2279,91.1
2280,45
2281,3060
2282,3000
2283,1190
2284,3590
2285,60
2286,1
2287,1.5
2288,75
2289,150
2290,100
2291,-2
2292,45
2293,40
2294,48
2295,26
2296,72
2297,6
2298,20.09
2299,125.6
2300,24
2301,2.25
2302,180
2303,10
2304,12
2305,2
2306,26
2307,105
2308,14
2309,8
2310,12
2311,5
2312,1
2313,1100
2314,5250
2315,6
2316,936
2317,420
2318,0.6
2319,7
2320,63
2321,360
2322,334.4
2323,17.28
2324,75
2325,900
2326,399
2327,70
2328,90
2329,13
2330,45
2331,39
2332,0.416667
2333,4200
2334,0.624
2335,-20
2336,12
2337,5
2338,13
2339,2
2340,2
2341,1520
2342,14
2343,53
2344,0.059524
2345,45.5
2346,52
2347,12
2348,48
2349,327
2350,1080
2351,50
2352,5
2353,12
2354,30
2355,320
2356,200
2357,13
2358,33.33
2359,1243
2360,70
2361,13
2362,448
2363,8.8
2364,476
2365,330
2366,2880
2367,2
2368,40
2369,4
2370,1
2371,7
2372,1.1304
2373,54
2374,96
2375,32
2376,10
2377,43
2378,12
2379,4.9
2380,90
2381,24
2382,1.875
2383,3154
2384,379
2385,222
2386,56
2387,930
2388,15
2389,0.75
2390,0.167
2391,2
2392,210
2393,15
2394,27.8
2395,6
2396,200
2397,40
2398,1274
2399,10%
2400,25.2
2401,14.25
2402,0.002
2403,8
2404,70
2405,98
2406,64
2407,7.8
2408,11.2
2409,5
2410,4
2411,12
2412,5
2413,4
2414,8
2415,80
2416,12.56
2417,336
2418,92
2419,20
2420,198.6
2421,400
2422,6
2423,2.5
2424,3.69
2425,116
2426,8
2427,6
2428,0.6
2429,7.2
2430,37
2431,5
2432,4
2433,1.6
2434,60
2435,8
2436,26.5
2437,44.8
2438,19
2439,8
2440,2
2441,78
2442,72
2443,9
2444,1.218837
2445,8
2446,75
2447,-480
2448,14
2449,1000
2450,1650
2451,30
2452,20
2453,386.8
2454,70
2455,23
2456,20%
2457,176
2458,10
2459,392.5
2460,2
2461,6
2462,3
2463,28
2464,5.242
2465,90
2466,28.28
2467,0.017
2468,10.5
2469,0.32
2470,16
2471,44
2472,13
2473,120
2474,3
2475,80
2476,25
2477,5
2478,25
2479,60
2480,1.416667
2481,25
2482,24
2483,7
2484,12.56
2485,600
2486,8.82
2487,8370
2488,26
2489,8
2490,12
2491,10
2492,12
2493,3
2494,82
2495,11
2496,25
2497,21000
2498,0.5
2499,60
2500,9
2501,2400
2502,2000
2503,16
2504,75%
2505,2.5
2506,4.444444
2507,28
2508,216
2509,240
2510,30000
2511,50.24
2512,7630
2513,18.84
2514,2.46
2515,40
2516,5.25
2517,15.072
2518,122.4
2519,2
2520,195.5
2521,5840
2522,38.475
2523,4
2524,6
2525,1056
2526,4
2527,120
2528,640
2529,66
2530,12
2531,1
2532,10
2533,148
2534,9
2535,6
2536,40
2537,216
2538,0.4
2539,90
2540,3.285714
2541,8
2542,10
2543,2
2544,300
2545,15
2546,1000
2547,200
2548,1
2549,21
2550,4
2551,5
2552,720
2553,12.5%
2554,19
2555,7
2556,24
2557,19808
2558,12
2559,12
2560,33.33
2561,180
2562,9.2
2563,0.06
2564,8
2565,0.03125
2566,0.25
2567,40.8
2568,2
2569,720
2570,140
2571,2868
2572,8
2573,3
2574,45
2575,20
2576,4
2577,127.5
2578,15.7
2579,166
2580,1.5
2581,12
2582,13
2583,38
2584,0.0025
2585,153.86
2586,50
2587,0
2588,42
2589,1
2590,1.5
2591,33
2592,45
2593,220
2594,240
2595,298.25
2596,2
2597,7.95
2598,43.2
2599,60
2600,125
2601,3360
2602,4500
2603,6
2604,12.8
2605,9.12
2606,21
2607,2.5
2608,6.4
2609,3
2610,17.5
2611,12.56
2612,1364
2613,225
2614,50
2615,11
2616,82.2
2617,1800
2618,1
2619,4
2620,96%
2621,0.2
2622,0.636364
2623,30
2624,3
2625,62.8
2626,50.24
2627,14
2628,1.1%
2629,211.11
2630,1.1
2631,0.3
2632,48000
2633,74
2634,3.768
2635,42.86
2636,12
2637,24.8
2638,20
2639,19
2640,33
2641,9
2642,0.75
2643,720
2644,21
2645,128
2646,25
2647,34
2648,80
2649,120
2650,25.12
2651,251.2
2652,2
2653,300
2654,60
2655,0.216
2656,37.5
2657,38
2658,8
2659,21.9
2660,37.68
2661,50
2662,84
2663,1
2664,450
2665,1728
2666,3
2667,98.6
2668,1.380952
2669,260
2670,0.421053
2671,1.5
2672,35
2673,193
2674,3
2675,35
2676,24
2677,9
2678,9368
2679,65
2680,60
2681,7
2682,7
2683,24000000000000
2684,10
2685,2800
2686,15
2687,10
2688,48
2689,4
2690,180
2691,5440
2692,16
2693,246
2694,5.1
2695,10
2696,65.94
2697,530
2698,3
2699,24
2700,11
2701,24
2702,1200
2703,100
2704,72
2705,200
2706,4
2707,11.2
2708,6
2709,1000
2710,83
2711,13
2712,64.3
2713,720
2714,2
2715,370
2716,75.36
2717,45
2718,24
2719,2.5
2720,10850
2721,1512
2722,19200
2723,2223
2724,20400
2725,3.6
2726,15
2727,13
2728,2220
2729,10
2730,139
2731,810
2732,1
2733,200
2734,2
2735,100
2736,7.5
2737,1
2738,7.05
2739,22
2740,2
2741,10
2742,3
2743,35
2744,40
2745,45
2746,9
2747,24
2748,75
2749,320
2750,26
2751,18
2752,1000
2753,5
2754,4.666667
2755,160
2756,1.26
2757,200
2758,60
2759,1.6
2760,2
2761,28
2762,51.43
2763,432
2764,118
2765,20.8
2766,6
2767,6.28
2768,419
2769,2.5
2770,10
2771,264
2772,6
2773,-3640
2774,9
2775,24
2776,5
2777,14
2778,60
2779,250
2780,11.666667
2781,6
2782,2.55
2783,8
2784,375
2785,7
2786,1460
2787,48
2788,1280
2789,13
2790,7
2791,0.875
2792,36
2793,20
2794,150
2795,100
2796,56.7
2797,1
2798,6.06
2799,8
2800,3
2801,432
2802,7
2803,100
2804,985
2805,246
2806,1
2807,15
2808,0.75
2809,16
2810,154.72
2811,1344
2812,320
2813,3
2814,150.72
2815,5
2816,12
2817,900
2818,49
2819,120
2820,12.56
2821,130
2822,6000
2823,40
2824,30
2825,70
2826,3200
2827,3
2828,250
2829,32
2830,5
2831,17
2832,2041
2833,144
2834,348
2835,6
2836,19
2837,920
2838,160
2839,20%
2840,800
2841,55
2842,9
2843,45
2844,87.5
2845,1130.4
2846,240
2847,48
2848,141.3
2849,282
2850,9
2851,12.4
2852,3.6
2853,400
2854,43.2
2855,9.09%
2856,8
2857,28
2858,3
2859,10
2860,5500
2861,308
2862,7
2863,94.5
2864,112
2865,16
2866,10
2867,-10
2868,4.71
2869,1000
2870,8
2871,6000
2872,1188
2873,4
2874,25.134
2875,750
2876,11
2877,38%
2878,910
2879,32
2880,5.2
2881,7200
2882,96%
2883,30
2884,1.333333
2885,10
2886,3
2887,1256
2888,1380
2889,251.2
2890,1610
2891,270
2892,4.24
2893,1
2894,140
2895,69.6%
2896,5
2897,101
2898,2370
2899,1375
2900,6
2901,527
2902,53
2903,300
2904,15
2905,132
2906,0.33
2907,1200
2908,50.24
2909,5
2910,7
2911,11
2912,505
2913,66
2914,4
2915,160
2916,15
2917,150.72
2918,55
2919,379
2920,200
2921,24
2922,32
2923,7200
2924,0.8
2925,25.12
2926,12000
2927,21
2928,1131
2929,8
2930,1320
2931,17
2932,2012
2933,6
2934,41
2935,138.16
2936,0.54
2937,78.5
2938,8
2939,55
2940,2250
2941,326
2942,1256
2943,162
2944,12
2945,113.07
2946,100
2947,200
2948,30
2949,19
2950,36
2951,2.727273
2952,6
2953,5
2954,1000
2955,202.5
2956,30
2957,14
2958,36
2959,11
2960,16
2961,0.6
2962,41
2963,85
2964,1
2965,5
2966,30
2967,81
2968,60
2969,72.5
2970,24
2971,43.5
2972,60
2973,7
2974,2.4
2975,12
2976,3.2
2977,62.8
2978,180
2979,50
2980,30
2981,49.6
2982,16
2983,75
2984,520
2985,175
2986,1.68
2987,8
2988,50
2989,705
2990,5.6
2991,1.6
2992,491.88
2993,876.5
2994,1400
2995,48
2996,100
2997,23
2998,18
2999,7
3000,0.75
3001,2.4
3002,88
3003,188.4
3004,0.15
3005,5
3006,27
3007,25
3008,126
3009,135.968
3010,82.425
3011,1.98
3012,5.024
3013,1271
3014,18.84
3015,0.95
3016,6
3017,600
3018,92
3019,135
3020,40
3021,-75
3022,40
3023,30
3024,15
3025,97
3026,4
3027,7200
3028,7536
3029,1728
3030,1800
3031,742
3032,10.8
3033,3.6
3034,8
3035,-80
3036,140
3037,5
3038,13.04%
3039,4
3040,125.6
3041,1
3042,3
3043,0.5
3044,384
3045,8.75
3046,340
3047,1680
3048,8
3049,72
3050,3.4
3051,5
3052,55
3053,1
3054,20
3055,0.25
3056,400
3057,42
3058,675
3059,537.6
3060,7500
3061,14976
3062,-20
3063,21.98
3064,24
3065,65
3066,807
3067,59
3068,140
3069,250
3070,120
3071,3540
3072,50%
3073,182
3074,4.3
3075,246
3076,4
3077,2637.6
3078,72
3079,45
3080,57
3081,0.21
3082,12560
3083,0.06
3084,12
3085,54
3086,100
3087,20
3088,13.5
3089,165
3090,98
3091,32
3092,18
3093,45
3094,186.8
3095,141.28
3096,-99.5
3097,1.2
3098,235.5
3099,3
3100,0.24766
3101,0.1
3102,102
3103,24
3104,72
3105,12
3106,105
3107,300
3108,50
3109,9
3110,4
3111,360
3112,192
3113,160
3114,470
3115,1.7
3116,2225
3117,240
3118,30
3119,45
3120,-194
3121,456
3122,467
3123,40
3124,0.5
3125,160
3126,750
3127,70
3128,31
3129,400
3130,3250
3131,35
3132,10
3133,8.5
3134,40
3135,9
3136,141.3
3137,180
3138,640
3139,3
3140,97.5
3141,12000
3142,10.8
3143,4
3144,8
3145,3448
3146,19
3147,1500
3148,1.1
3149,390
3150,11
3151,30
3152,9
3153,30
3154,27.8
3155,4.8
3156,2.4
3157,0.9
3158,120
3159,18
3160,52
3161,35
3162,1920
3163,20%
3164,1.44
3165,64
3166,45
3167,26
3168,97
3169,7
3170,20
3171,16
3172,32
3173,15
3174,76
3175,140
3176,1841
3177,41
3178,624
3179,48
3180,2700
3181,36.3
3182,2.9
3183,0.7
3184,720
3185,36
3186,5.5
3187,121
3188,807
3189,5
3190,72
3191,255
3192,368
3193,60
3194,720
3195,30
3196,52
3197,6400
3198,1800
3199,465
3200,70
3201,96
3202,3600
3203,0.64
3204,92
3205,9
3206,2135
3207,94
3208,93
3209,85
3210,120
3211,11.14
3212,72
3213,8
3214,9
3215,75
3216,600
3217,800
3218,24
3219,130
3220,8
3221,4
3222,15
3223,140
3224,360
3225,175
3226,160
3227,3
3228,30
3229,8
3230,2520
3231,384
3232,360
3233,738
3234,19
3235,2880
3236,432
3237,3250
3238,175
3239,85
3240,63
3241,9900
3242,1200
3243,1160
3244,1600
3245,50
3246,1820
3247,23
3248,1880
3249,3600
3250,280
3251,78
3252,300
3253,1200
3254,30
3255,6
3256,62.5
3257,3
3258,8
3259,4
3260,1692
3261,8
3262,6
3263,24
3264,3
3265,7
3266,8
3267,480
3268,10
3269,186
3270,225
3271,24
3272,27
3273,8
3274,75
3275,336
3276,180
3277,35
3278,305
3279,625
3280,784
3281,5124
3282,6
3283,130
3284,1208
3285,5
3286,11
3287,9
3288,53
3289,5400
3290,250
3291,218
3292,120
3293,9
3294,45
3295,29
3296,7.8
3297,200
3298,400
3299,105
3300,13
3301,27
3302,232
3303,109
3304,99
3305,11
3306,447
3307,477
3308,103
3309,39
3310,76
3311,720
3312,84
3313,9
3314,31
3315,7
3316,63
3317,315
3318,265
3319,8
3320,220
3321,54
3322,605
3323,21
3324,7680
3325,60
3326,200
3327,515.2
3328,1425
3329,16
3330,35
3331,90
3332,250
3333,2160
3334,420
3335,120
3336,203
3337,31
3338,448
3339,576
3340,200
3341,720
3342,95
3343,4
3344,4.625
3345,128
3346,100
3347,15
3348,4200
3349,180
3350,32
3351,13
3352,13
3353,48
3354,39
3355,2600
3356,784
3357,130
3358,60
3359,86
3360,550
3361,520
3362,204
3363,126
3364,30
3365,-40
3366,37
3367,300
3368,113
3369,10
3370,13500
3371,2205
3372,9372
3373,990
3374,1678
3375,50
3376,11
3377,910
3378,300
3379,256
3380,27
3381,1043
3382,105
3383,12672
3384,2184
3385,84
3386,132
3387,15
3388,24
3389,25
3390,98
3391,432
3392,240
3393,60
3394,40
3395,130
3396,24
3397,25
3398,60
3399,100
3400,845
3401,90
3402,5
3403,52
3404,-30
3405,46
3406,214
3407,0.4
3408,60
3409,24
3410,200
3411,6
3412,216
3413,4185
3414,216.89
3415,207
3416,5
3417,0.714286
3418,16
3419,2790
3420,76
3421,111
3422,552
3423,8010
3424,1764
3425,3
3426,6240
3427,432
3428,9
3429,25
3430,33
3431,38
3432,2009
3433,7
3434,131
3435,33.62
3436,1.125
3437,25.5
3438,11
3439,87
3440,0.72
3441,270
3442,10
3443,8
3444,1995
3445,279
3446,700
3447,7.2
3448,180
3449,96
3450,1400
3451,172
3452,5200
3453,1
3454,8
3455,98
3456,2730
3457,2.714286
3458,60
3459,8
3460,-33
3461,3
3462,15
3463,336
3464,89
3465,3
3466,180
3467,180
3468,57.9
3469,490
3470,10.8
3471,1
3472,6.2
3473,1000
3474,30
3475,0.5
3476,23
3477,25
3478,8
3479,600
3480,192.5
3481,3.6
3482,33
3483,157.5
3484,800
3485,64
3486,5
3487,72
3488,288
3489,150
3490,20
3491,192
3492,6
3493,8.82
3494,100
3495,15
3496,2
3497,128
3498,1.2
3499,12
3500,6
3501,16
3502,100
3503,800
3504,4
3505,3120
3506,25
3507,9.142857
3508,275
3509,0.64
3510,300
3511,420
3512,12
3513,3750
3514,21.75
3515,5760
3516,352
3517,6
3518,6
3519,3500
3520,192
3521,8
3522,24
3523,6
3524,33
3525,500
3526,150
3527,38
3528,4.5
3529,134
3530,4
3531,25
3532,25.3
3533,4
3534,0.2
3535,5
3536,9
3537,6
3538,192
3539,276
3540,50
3541,2400
3542,12180
3543,2600
3544,6
3545,5
3546,5.714286
3547,1494
3548,588
3549,2000
3550,8
3551,75
3552,7.5
3553,5050
3554,205
3555,720
3556,316
3557,35
3558,250000
3559,340
3560,428
3561,1720
3562,840
3563,9
3564,380
3565,175
3566,32
3567,1369
3568,1512
3569,20
3570,12
3571,6
3572,8
3573,35
3574,42
3575,220
3576,10.222222
3577,25
3578,32
3579,2
3580,3960
3581,80
3582,76
3583,24
3584,337.5
3585,40
3586,27
3587,14
3588,6480
3589,14
3590,4500
3591,26
3592,0.1
3593,15
3594,65
3595,920
3596,175
3597,8
3598,23
3599,4
3600,194
3601,92800
3602,74
3603,817
3604,1500
3605,640
3606,40
3607,15
3608,21
3609,0.1
3610,6.666667
3611,30
3612,634.2
3613,356
3614,945
3615,8
3616,480
3617,112
3618,2.56
3619,160
3620,216
3621,5
3622,450
3623,579
3624,10
3625,250
3626,102
3627,16
3628,1080
3629,315
3630,1200
3631,920
3632,660
3633,13000
3634,3575
3635,125
3636,140
3637,519
3638,15
3639,300
3640,166
3641,6
3642,108
3643,3330
3644,21.95
3645,24
3646,18
3647,2450
3648,3
3649,690
3650,20
3651,3
3652,48
3653,250
3654,168
3655,4.6
3656,161
3657,1035
3658,70
3659,982
3660,24
3661,3600
3662,4
3663,2
3664,9.9
3665,566
3666,98
3667,90
3668,485
3669,588
3670,2916
3671,1440
3672,13
3673,100
3674,26.5
3675,640
3676,10865
3677,0.105528
3678,12
3679,5760
3680,168
3681,2880
3682,19
3683,6
3684,6
3685,272
3686,1536
3687,400
3688,1000
3689,384
3690,75
3691,5
3692,8
3693,39
3694,1058
3695,504
3696,20
3697,11
3698,1850
3699,217
3700,1632
3701,390
3702,880
3703,4
3704,1350
3705,4
3706,4500
3707,112
3708,13
3709,32
3710,6
3711,104
3712,18090
3713,12
3714,600
3715,570
3716,10000
3717,509
3718,36
3719,684
3720,1.1
3721,318
3722,655
3723,72
3724,157625
3725,7
3726,2.105263
3727,4
3728,11
3729,200
3730,1250
3731,84
3732,70
3733,136
3734,534
3735,366.666667
3736,107
3737,3800
3738,640
3739,14000
3740,429
3741,600
3742,728
3743,4710
3744,70
3745,450
3746,212
3747,12
3748,300
3749,35
3750,2668
3751,120
3752,200
3753,288
3754,1176
3755,360
3756,40
3757,52
3758,3360
3759,5000
3760,558
3761,672
3762,18
3763,3
3764,420
3765,11
3766,4
3767,2170
3768,300
3769,4
3770,49
3771,2160
3772,108
3773,80
3774,600
3775,11
3776,20000
3777,2005
3778,73825
3779,3
3780,552
3781,14
3782,11
3783,175
3784,120
3785,80
3786,23800
3787,68
3788,414
3789,283
3790,0.65
3791,3430
3792,126
3793,65
3794,190
3795,93.6
3796,24
3797,18
3798,102
3799,763
3800,1100
3801,52
3802,8020
3803,3
3804,9
3805,84
3806,1679
3807,3960
3808,54
3809,55
3810,15
3811,144
3812,60
3813,125
3814,900
3815,24
3816,667
3817,15
3818,45
3819,36
3820,10850
3821,40
3822,36
3823,20
3824,120
3825,6
3826,36
3827,4
3828,816
3829,1770
3830,1
3831,43.2
3832,112000
3833,14
3834,45
3835,60
3836,768
3837,-8
3838,45
3839,2970
3840,8100
3841,1232
3842,192
3843,3767
3844,4.5
3845,6
3846,7
3847,576
3848,1440
3849,5850
3850,90
3851,256
3852,0.7
3853,54
3854,2520
3855,100
3856,96
3857,216
3858,455
3859,75
3860,960
3861,96
3862,140
3863,1440
3864,468
3865,3900
3866,1680
3867,375
3868,368
3869,5000
3870,1.5
3871,40
3872,2
3873,1120
3874,45
3875,5760
3876,54
3877,120
3878,716
3879,29
3880,10.24
3881,2
3882,24
3883,63
3884,31
3885,13
3886,21.6
3887,8
3888,20
3889,1200
3890,144
3891,0.8
3892,1.86
3893,108
3894,8
3895,24
3896,270
3897,72900
3898,12
3899,10
3900,2.5
3901,36
3902,40
3903,2800
3904,2
3905,61
3906,144
3907,168
3908,14.5
3909,0.36
3910,410
3911,6
3912,91
3913,225
3914,18414
3915,4388
3916,450
3917,10
3918,3360
3919,312
3920,25
3921,610
3922,2100
3923,42
3924,750
3925,10
3926,2
3927,240
3928,225
3929,20
3930,52
3931,4.08
3932,40
3933,50
3934,95
3935,-0.666667
3936,1680
3937,11
3938,651
3939,9720
3940,396
3941,1247
3942,6
3943,768
3944,31
3945,8
3946,204
3947,3
3948,60
3949,12
3950,1035
3951,420
3952,8
3953,324
3954,462
3955,200
3956,682
3957,62.5
3958,6
3959,8
3960,115
3961,162
3962,576
3963,375
3964,467.75
3965,156
3966,15
3967,4.666667
3968,336
3969,13
3970,2
3971,80
3972,45
3973,422
3974,60
3975,45
3976,5
3977,6.8
3978,34
3979,40
3980,14
3981,125
3982,4
3983,6
3984,4
3985,900
3986,51
3987,1.5
3988,1
3989,2.56
3990,70
3991,0.5
3992,1850
3993,69
3994,5
3995,13
3996,18
3997,38
3998,600
3999,10
4000,51
4001,19
4002,1485
4003,1744
4004,2402
4005,48
4006,228
4007,2
4008,36
4009,144
4010,100
4011,0.8
4012,192
4013,150
4014,135
4015,6
4016,20
4017,450
4018,9.4
4019,18.6
4020,9
4021,1.2
4022,8
4023,230
4024,173
4025,600
4026,3046
4027,4.3
4028,200
4029,3
4030,5
4031,216
4032,25
4033,960
4034,265
4035,8
4036,4
4037,876.24
4038,1840
4039,174.1
4040,1.6
4041,500
4042,50
4043,800
4044,12
4045,160
4046,2400
4047,52900
4048,88
4049,6
4050,24
4051,4
4052,300
4053,18
4054,72
4055,126
4056,72
4057,250
4058,234
4059,24
4060,240
4061,3080
4062,2880
4063,645
4064,22.666667
4065,415
4066,103
4067,-9
4068,20
4069,1008
4070,17.6
4071,6000
4072,79
4073,176
4074,1400
4075,182
4076,30
4077,6
4078,13.25
4079,1024
4080,6
4081,176
4082,965
4083,1712
4084,10
4085,600
4086,122
4087,1442
4088,1200
4089,11
4090,48
4091,930
4092,22
4093,20
4094,9600
4095,3284
4096,-2
4097,3
4098,6
4099,2040
4100,44.97
4101,75
4102,800
4103,36000
4104,15
4105,1600
4106,160
4107,576
4108,61
4109,3.3
4110,8
4111,1.2
4112,5
4113,36
4114,4060
4115,90
4116,8
4117,8
4118,12
4119,690
4120,24
4121,5
4122,88
4123,9
4124,7
4125,30
4126,5000
4127,1130
4128,98
4129,75
4130,87500
4131,722
4132,1095
4133,26.2
4134,6
4135,10.9
4136,456
4137,2
4138,4
4139,7.68
4140,42
4141,13.33
4142,40
4143,675
4144,1112
4145,100
4146,1
4147,4
4148,12
4149,1163
4150,202
4151,80
4152,9
4153,504
4154,1218
4155,5
4156,16.67
4157,424
4158,9
4159,449
4160,1
4161,240
4162,6280
4163,4280
4164,72.5
4165,0.6
4166,109
4167,140
4168,15
4169,37
4170,64
4171,18.375
4172,411
4173,240
4174,1728
4175,1156
4176,28
4177,50.24
4178,240
4179,17.5
4180,80
4181,12
4182,35.68
4183,169
4184,72
4185,10.6
4186,45
4187,72
4188,2.4
4189,6
4190,9
4191,314
4192,100
4193,31
4194,0.2%
4195,56.52
4196,100
4197,2
4198,50.24
4199,27
4200,1440
4201,216
4202,1.3%
4203,160
4204,3.14
4205,7500
4206,9
4207,931
4208,136
4209,20
4210,83
4211,4
4212,3
4213,4
4214,260
4215,0.083333
4216,4
4217,0.16
4218,42
4219,1050
4220,10
4221,2
4222,21
4223,384
4224,20
4225,326.72
4226,45
4227,900
4228,67
4229,339.7
4230,9
4231,16
4232,9.42
4233,12.5%
4234,25.12
4235,63
4236,30
4237,18000
4238,-4
4239,-5.333333
4240,90
4241,30
4242,24
4243,200
4244,60
4245,1280
4246,700
4247,36
4248,440
4249,2
4250,4
4251,27
4252,900
4253,7.85
4254,4
4255,1.96
4256,134.4
4257,20
4258,190
4259,1.75
4260,28
4261,548
4262,34
4263,738
4264,288
4265,8
4266,0.9
4267,56
4268,151
4269,3.14
4270,4
4271,92
4272,9
4273,63
4274,64
4275,540
4276,6
4277,140
4278,30
4279,5556
4280,306
4281,120.86
4282,0.3
4283,50
4284,27
4285,900
4286,6
4287,2700
4288,90
4289,509160
4290,0.08
4291,9
4292,11
4293,5855
4294,570
4295,144
4296,8
4297,414
4298,216.2
4299,0
4300,7
4301,13
4302,1440
4303,175
4304,220
4305,100
4306,48
4307,3
4308,1.5
4309,200
4310,56
4311,5000
4312,30
4313,3
4314,20%
4315,10%
4316,2646
4317,1.071429
4318,46
4319,18
4320,187
4321,4
4322,255
4323,40
4324,9
4325,75.36
4326,51.06
4327,2
4328,120
4329,-0.6
4330,8
4331,2606
4332,15
4333,288
4334,342
4335,9.02
4336,10
4337,34
4338,32
4339,6
4340,8.69
4341,51
4342,7200
4343,947
4344,56
4345,5.37
4346,40
4347,25.4
4348,85.7%
4349,1
4350,23
4351,80000
4352,6
4353,9
4354,5
4355,1.76
4356,1
4357,102
4358,1.82
4359,18
4360,200
4361,32
4362,6
4363,8
4364,1500
4365,2
4366,20
4367,1.844444
4368,900
4369,36
4370,63
4371,1375
4372,28
4373,27
4374,9
4375,0.6
4376,36
4377,55
4378,25
4379,18
4380,2
4381,100
4382,15000
4383,45
4384,284
4385,30
4386,42
4387,3
4388,75
4389,-20
4390,2000
4391,224
4392,1.5
4393,3.2
4394,9
4395,6400
4396,6400
4397,7.2
4398,6.666667
4399,7
4400,0.685714
4401,130
4402,192
4403,15
4404,100
4405,36
4406,80
4407,16.8
4408,13
4409,6
4410,83
4411,100
4412,-2
4413,426
4414,309
4415,2.857
4416,0.25
4417,80
4418,1000
4419,270
4420,14.2
4421,75
4422,12.67
4423,12600
4424,354.5
4425,1680
4426,12600
4427,6.3
4428,30.944
4429,12.56
4430,37.68
4431,-20
4432,0.666667
4433,64
4434,4
4435,200
4436,100
4437,9
4438,50.24
4439,3.14
4440,10
4441,2000
4442,4%
4443,7.065
4444,20
4445,48
4446,2
4447,100
4448,50.24
4449,235.5
4450,28.26
4451,3
4452,50.24
4453,2.4
4454,8000
4455,12
4456,945000
4457,13
4458,5
4459,28
4460,216
4461,141.3
4462,10
4463,74.52
4464,125.6
4465,28.26
4466,7.065
4467,0.75
4468,8.1
4469,840
4470,600
4471,400
4472,56.55
4473,90
4474,30900
4475,12.56
4476,4
4477,4
4478,6
4479,120
4480,150
4481,42
4482,75.36
4483,480
4484,120
4485,120
4486,288
4487,100
4488,5
4489,12.56
4490,153.86
4491,0.9
4492,62.8
4493,14.5
4494,2200
4495,30
4496,25.12
4497,23
4498,1339.5
4499,55
4500,76.5
4501,170
4502,49
4503,1260
4504,12.56
4505,50%
4506,62.8
4507,12.56
4508,15.7
4509,2200
4510,25
4511,100
4512,12
4513,0.47
4514,100
4515,36
4516,18.84
4517,254.34
4518,65.94
4519,34
4520,0.222222
4521,0.72
4522,1400
4523,9.42
4524,8
4525,300
4526,8
4527,3968
4528,1600
4529,800
4530,1.5
4531,15
4532,6000
4533,6
4534,20
4535,0.008
4536,135
4537,45
4538,0.5
4539,109.9
4540,2300
4541,32
4542,40
4543,28.26
4544,1.884
4545,2
4546,480
4547,6.8
4548,14
4549,602
4550,50.24
4551,25%
4552,11.44
4553,0.6
4554,3.2
4555,3.6
4556,159.86
4557,94.2
4558,74
4559,90
4560,1
4561,21.98
4562,2.7
4563,30
4564,5.5
4565,3200
4566,250
4567,25.7
4568,314
4569,95.7
4570,56.8
4571,0.333333
4572,2
4573,2
4574,12.56
4575,4
4576,0.888889
4577,2009.6
4578,1004.8
4579,2.4
4580,4
4581,18.84
4582,20
4583,60.288
4584,8.4
4585,25.12
4586,9.42
4587,0.16
4588,50
4589,714
4590,30
4591,4
4592,40
4593,9734
4594,4
4595,2
4596,6.666667
4597,6.666667
4598,14
4599,209
4600,4.924
4601,40
4602,6.666667
4603,3
4604,2.512
4605,3.14
4606,706.5
4607,41.12
4608,2.141
4609,4000
4610,300
4611,3.14
4612,19.625
4613,62.8
4614,7.8
4615,9.42
4616,1.5
4617,1139.04
4618,240
4619,72
4620,12.56
4621,55.56
4622,12
4623,240
4624,9.42
4625,1600
4626,2
4627,21.98
4628,90
4629,1250
4630,28.6
4631,112500
4632,74.64
4633,12.95
4634,71
4635,58
4636,52
4637,2
4638,12
4639,7
4640,45
4641,1
4642,12.56
4643,63.995
4644,4050
4645,9
4646,12.49
4647,16
4648,5
4649,195
4650,3.14
4651,0
4652,800
4653,16.5
4654,1000
4655,2
4656,1950
4657,48
4658,20
4659,8.4
4660,59.625
4661,1530
4662,5275
4663,0.037037
4664,3
4665,31.4
4666,8
4667,21.98
4668,20
4669,7850
4670,32
4671,251.2
4672,14
4673,60.5
4674,56
4675,3
4676,62.8
4677,16
4678,67.85
4679,78.5
4680,30
4681,0.767857
4682,25%
4683,16
4684,706.5
4685,22.45
4686,0.75
4687,200
4688,900
4689,0.52
4690,1.2
4691,10
4692,76
4693,263.76
4694,15.7
4695,188.4
4696,45
4697,1.38
4698,20.5
4699,78.5
4700,1177.5
4701,100.48
4702,0.05
4703,4
4704,1.35
4705,3.14
4706,750
4707,195
4708,469
4709,12
4710,80%
4711,-168
4712,18.84
4713,112
4714,6
4715,15
4716,14.13
4717,276.76496
4718,720
4719,0
4720,1.8
4721,562
4722,894
4723,0.021
4724,21.98
4725,28.26
4726,27
4727,24
4728,78.5
4729,60
4730,1.3
4731,1
4732,3750
4733,36
4734,10600
4735,53.38
4736,208
4737,8
4738,1500
4739,1600
4740,25.12
4741,40.82
4742,12.3
4743,2
4744,567
4745,870.5
4746,300
4747,42
4748,25.12
4749,25.12
4750,3
4751,2
4752,12.56
4753,360
4754,0.138889
4755,1
4756,25.12
4757,54
4758,0.3
4759,13333
4760,50.24
4761,3
4762,0.38
4763,200
4764,20.2
4765,1
4766,1137.6
4767,1256
4768,10
4769,75.48
4770,134.055
4771,28.26
4772,12.997
4773,117000
4774,5
4775,20
4776,138.16
4777,23.55
4778,12.5%
4779,37.56
4780,44.745
4781,90.72
4782,10
4783,88
4784,564
4785,19625
4786,600
4787,0.06
4788,10
4789,3.14
4790,30
4791,477
4792,78.5
4793,1256
4794,72
4795,37.68
4796,706.5
4797,81
4798,35
4799,56.52
4800,1570
4801,12.56
4802,4.59
4803,7.95
4804,95
4805,592.96
4806,65
4807,942
4808,188.4
4809,12662240
4810,113.04
4811,314
4812,251.2
4813,1000
4814,180
4815,216
4816,1.26%
4817,0.775
4818,68
4819,60
4820,8.25
4821,565.2
4822,3.7854
4823,26.666667
4824,40
4825,47
4826,2.4
4827,15
4828,12.56
4829,144
4830,1
4831,2826
4832,616
4833,5
4834,-196.5
4835,80
4836,44.8
4837,2.198
4838,246.49
4839,9.42
4840,5
4841,0.8
4842,129600
4843,521.1
4844,50
4845,50
4846,16
4847,45.6
4848,696
4849,384
4850,0
4851,20
4852,4
4853,353
4854,15
4855,0.6
4856,20
4857,30
4858,44
4859,0.033333
4860,5
4861,157
4862,0.5
4863,5
4864,0.740741
4865,12.57
4866,15
4867,6
4868,189
4869,85
4870,84
4871,4.444444
4872,300
4873,1507.2
4874,3014
4875,251.2
4876,314
4877,62.8
4878,192000
4879,2.4
4880,28.26
4881,8
4882,20
4883,0.2
4884,40
4885,168
4886,24
4887,2
4888,-8
4889,3.5
4890,12
4891,60
4892,60
4893,440
4894,15
4895,6
4896,62.5
4897,90
4898,0.909091
4899,7.5
4900,480
4901,26
4902,390
4903,35
4904,62.8
4905,62.8
4906,200
4907,2
4908,1000
4909,128
4910,43
4911,113.04
4912,1
4913,3
4914,33
4915,23
4916,63
4917,36
4918,0.305556
4919,4.5
4920,3.92
4921,76
4922,8.4
4923,3.25
4924,120
4925,27
4926,2000
4927,2796
4928,988
4929,17
4930,7.68
4931,1.8
4932,0.5
4933,3.2
4934,31.5
4935,2.714286
4936,38
4937,10
4938,0.823529
4939,13
4940,74.04
4941,27
4942,2
4943,210
4944,67.5
4945,0.675
4946,0.083333
4947,2
4948,15
4949,-8
4950,19
4951,130
4952,110
4953,7
4954,640
4955,0.2
4956,52
4957,13
4958,6
4959,50.24
4960,37.78
4961,90
4962,15.55%
4963,1.666667
4964,1.95
4965,200
4966,83
4967,250
4968,52
4969,62
4970,68
4971,45
4972,68
4973,43
4974,18
4975,63
4976,30
4977,18
4978,17
4979,7
4980,56
4981,9
4982,84
4983,56
4984,63
4985,18
4986,16
4987,24
4988,27
4989,12
4990,35
4991,18
4992,4
4993,5
4994,6
4995,28
4996,4
4997,2.666667
4998,94
4999,9
5000,36
5001,27
5002,32
5003,60
5004,78
5005,125
5006,38
5007,53
5008,8
5009,3
5010,61
5011,47
5012,8
5013,5
5014,19
5015,16
5016,6
5017,6
5018,26
5019,8
5020,8
5021,28
5022,47
5023,6
5024,9
5025,47
5026,81
5027,19
5028,28
5029,20
5030,20
5031,46
5032,44
5033,27
5034,17
5035,10
5036,2
5037,11
5038,38
5039,48
5040,8
5041,2
5042,25
5043,31
5044,80
5045,19
5046,21
5047,4
5048,7
5049,18
5050,13
5051,3
5052,11
5053,25
5054,31
5055,91
5056,35
5057,90
5058,56
5059,26
5060,81
5061,4
5062,55
5063,55
5064,6
5065,18
5066,30
5067,89
5068,97
5069,80
5070,3
5071,51
5072,88
5073,16
5074,24
5075,57
5076,26
5077,8
5078,42
5079,7
5080,27
5081,30
5082,155
5083,16
5084,6
5085,56
5086,24
5087,24
5088,18
5089,33
5090,36
5091,16
5092,24
5093,23
5094,6
5095,6
5096,8
5097,16
5098,15
5099,18
5100,8
5101,18
5102,6
5103,15
5104,49
5105,18
5106,33
5107,7
5108,19
5109,20
5110,82
5111,21
5112,8
5113,27
5114,46
5115,23
5116,134
5117,168
5118,376.8
5119,16
5120,23
5121,80
5122,767
5123,83
5124,5906.67
5125,60
5126,32
5127,33
5128,7
5129,9.75
5130,60
5131,3125
5132,266
5133,36
5134,50
5135,30
5136,21
5137,9
5138,0.166667
5139,12.56
5140,2
5141,2
5142,7.5
5143,1841
5144,3.272727
5145,0.5
5146,8
5147,10
5148,200
5149,8
5150,1232
5151,41
5152,0.4
5153,60
5154,14.58
5155,4860
5156,69.5
5157,45
5158,3400
5159,225
5160,40
5161,255
5162,555
5163,-6.846154
5164,444.44
5165,2
5166,24
5167,576
5168,36
5169,1142.96
5170,344
5171,16.07
5172,0.96
5173,4000
5174,1
5175,1.5
5176,49.0625
5177,12
5178,2
5179,1000
5180,28
5181,25.12
5182,5000
5183,70
5184,3
5185,2
5186,1450
5187,1690
5188,0.14
5189,13000
5190,5
5191,92
5192,72
5193,40
5194,0.428571
5195,36
5196,7
5197,24
5198,16
5199,2.35
5200,960
5201,0.048
5202,60
5203,14
5204,72
5205,36.3
5206,5
5207,500
5208,7.4
5209,2
5210,60
5211,2
5212,1.08
5213,2100
5214,20
5215,37.5
5216,2.380952
5217,22.27
5218,14
5219,0.1727
5220,340
5221,24
5222,400
5223,80
5224,1200
5225,36
5226,50
5227,7.5
5228,24
5229,2000
5230,5
5231,1
5232,27.3
5233,24
5234,3360
5235,25200
5236,987.6
5237,9.42
5238,42
5239,18
5240,7.5
5241,2300
5242,600
5243,25
5244,9600
5245,64
5246,45
5247,26
5248,97
5249,3
5250,7
5251,20
5252,40
5253,32
5254,15
5255,76
5256,5.6
5257,5
5258,22.222222
5259,17.5
5260,33
5261,3300
5262,140
5263,21
5264,0.3
5265,30
5266,2
5267,116.25
5268,3060
5269,20
5270,9
5271,-14
5272,24
5273,36
5274,1200
5275,68.57
5276,60.6
5277,177.2
5278,1%
5279,4560
5280,19
5281,0.32
5282,72
5283,2670
5284,0.25
5285,0.7304
5286,2
5287,0.2617
5288,40
5289,30
5290,108
5291,60
5292,19.25
5293,901
5294,0.64
5295,384
5296,0.9
5297,3
5298,13.5
5299,2.44
5300,787500
5301,800
5302,70
5303,2.841
5304,0.6
5305,396
5306,90
5307,36
5308,4000
5309,1600
5310,1155
5311,16.8
5312,12
5313,60
5314,22.8
5315,200
5316,216
5317,10
5318,160
5319,1920
5320,2900
5321,48
5322,48
5323,-45.57
5324,25.12
5325,0.6
5326,50
5327,36
5328,10
5329,60000
5330,600
5331,-387.2
5332,1
5333,109
5334,36
5335,7200
5336,144
5337,220
5338,51
5339,50
5340,800.93
5341,1700
5342,45
5343,384
5344,29.7538
5345,562.4
5346,10
5347,108
5348,14
5349,250
5350,1920
5351,1467
5352,304
5353,2600
5354,15
5355,100
5356,4000
5357,480
5358,270
5359,17.14
5360,78.5
5361,12
5362,12
5363,8
5364,10
5365,50
5366,20000
5367,37.5
5368,5072
5369,1.099
5370,396
5371,30
5372,0.15
5373,12
5374,100
5375,0.555
5376,25
5377,600
5378,2565
5379,1000
5380,0.0072
5381,25
5382,3
5383,81052
5384,90
5385,33.33
5386,2
5387,640
5388,6
5389,16
5390,28
5391,1200000
5392,0.444444
5393,6
5394,0.75
5395,1.6
5396,500
5397,20000
5398,131
5399,14
5400,2275
5401,1250
5402,22
5403,-0.000444
5404,15
5405,576
5406,224
5407,160
5408,21
5409,63
5410,30
5411,80
5412,25.6
5413,89
5414,78.5
5415,7.65
5416,32
5417,124.5
5418,480
5419,1680
5420,1680
5421,2.5
5422,1.12
5423,90
5424,1.2448
5425,375
5426,1500
5427,144
5428,60
5429,900
5430,64
5431,20
5432,8
5433,265
5434,4.5
5435,1200
5436,15
5437,40
5438,30
5439,-4
5440,384
5441,20
5442,60
5443,48
5444,30
5445,0.2
5446,38
5447,2.9
5448,2.7
5449,361
5450,23.7
5451,60
5452,140.4
5453,510
5454,288
5455,24
5456,8
5457,2
5458,7.85
5459,300
5460,0.363636
5461,2
5462,6
5463,180
5464,5
5465,0.8
5466,36
5467,7
5468,1.7
5469,26
5470,2
5471,12000
5472,45
5473,2
5474,0
5475,44
5476,15
5477,22
5478,3500
5479,18000
5480,4800
5481,7
5482,6
5483,52.5
5484,1.5
5485,458
5486,80
5487,155
5488,121
5489,28
5490,26
5491,89
5492,44
5493,53
5494,200
5495,42
5496,1620
5497,3
5498,1075
5499,37.5
5500,7
5501,92
5502,9
5503,400
5504,3025
5505,0.6
5506,4.5
5507,1650
5508,430
5509,40
5510,39
5511,2
5512,32
5513,7
5514,190
5515,20
5516,5000
5517,1200
5518,14
5519,5256.5
5520,32
5521,72
5522,46.5
5523,2080
5524,45
5525,4
5526,420
5527,110
5528,2.7
5529,549
5530,52
5531,3666.66
5532,5270
5533,48
5534,3
5535,2
5536,5400
5537,288.5
5538,1.3
5539,120
5540,33
5541,90
5542,216
5543,428
5544,3
5545,18
5546,90.1
5547,73
5548,0.142857
5549,288
5550,900
5551,385
5552,12
5553,0.075
5554,5
5555,1650
5556,96
5557,205
5558,1
5559,12
5560,2.4
5561,300
5562,13200
5563,760
5564,12
5565,18
5566,5
5567,45
5568,125
5569,60
5570,2.06
5571,73
5572,221
5573,4021.45
5574,160
5575,15
5576,41
5577,2
5578,7.75
5579,140
5580,40.8
5581,32
5582,118
5583,-140
5584,120
5585,30
5586,65
5587,420
5588,360
5589,36
5590,3
5591,3600
5592,195
5593,1080
5594,1.6
5595,216
5596,396.5
5597,85
5598,8
5599,120
5600,800
5601,775
5602,1428
5603,72
5604,800
5605,92.5
5606,4240
5607,8
5608,120
5609,3080
5610,80
5611,135
5612,4.2
5613,0.001182
5614,124
5615,376.8
5616,3.14
5617,159760
5618,0.7
5619,204.9
5620,2.2392
5621,25120
5622,106.125
5623,2
5624,144
5625,67
5626,2460
5627,280
5628,900
5629,168
5630,250
5631,1153
5632,44
5633,3420
5634,50
5635,471
5636,750
5637,3.14
5638,30
5639,2
5640,-3.26
5641,91.2
5642,2592
5643,12
5644,10
5645,600
5646,7
5647,28.26
5648,5
5649,120
5650,80
5651,28.26
5652,600
5653,0.8
5654,1.5
5655,105
5656,500
5657,3
5658,1
5659,6
5660,120
5661,36
5662,80
5663,0.625
5664,0.625
5665,64
5666,1
5667,2000
5668,30
5669,3
5670,500
5671,2.42
5672,3000
5673,60
5674,600
5675,628
5676,145
5677,27
5678,31
5679,1500
5680,500
5681,2
5682,471
5683,12.56
5684,6000
5685,3.14
5686,25
5687,696
5688,3198.828
5689,22.5
5690,25
5691,1680
5692,2.166667
5693,2688
5694,53
5695,125
5696,1575
5697,1600
5698,24
5699,48
5700,11.44
5701,1050
5702,40
5703,5
5704,210
5705,80
5706,107
5707,24
5708,20.9
5709,13627
5710,18.9
5711,930
5712,7.904
5713,1600
5714,1.1
5715,97
5716,113
5717,8
5718,192
5719,7
5720,945
5721,37.68
5722,7
5723,0
5724,945
5725,105
5726,1.8
5727,600
5728,15
5729,8
5730,4
5731,1120
5732,992
5733,131.2
5734,5702
5735,18
5736,2
5737,400
5738,3430
5739,3000
5740,8
5741,3.6
5742,10
5743,90
5744,600
5745,25
5746,96
5747,68
5748,2000
5749,95.34
5750,702
5751,332
5752,300
5753,285
5754,232
5755,90
5756,142
5757,23
5758,80
5759,18
5760,16.67
5761,7.5
5762,210
5763,378
5764,35
5765,2
5766,1680
5767,28
5768,960
5769,260
5770,0
5771,200
5772,22.61
5773,3
5774,24
5775,0.1
5776,35.714
5777,0.95
5778,24
5779,10
5780,88
5781,10
5782,192
5783,6
5784,30
5785,2000
5786,145
5787,44
5788,112750
5789,200
5790,110
5791,16
5792,10800
5793,8900
5794,40
5795,243
5796,420
5797,6
5798,4000
5799,19.44
5800,378
5801,8
5802,250
5803,9
5804,8
5805,3
5806,40
5807,12190
5808,56.25
5809,78.2
5810,12
5811,0.671
5812,5
5813,67.98
5814,227
5815,21
5816,45
5817,104
5818,2
5819,90
5820,9
5821,36
5822,8
5823,9
5824,14
5825,9
5826,8
5827,6.18
5828,9.6
5829,20762
5830,2550
5831,20
5832,3275
5833,4
5834,500
5835,1500
5836,62.8
5837,5.25
5838,23.55
5839,6.28
5840,10
5841,2
5842,150
5843,3
5844,95
5845,93
5846,94
5847,1800
5848,200
5849,14.68
5850,18
5851,62.45
5852,2.5
5853,8640
5854,82.5
5855,3250
5856,9000
5857,4000
5858,4740
5859,24
5860,45
5861,0.8
5862,126.7
5863,229.424
5864,21
5865,4.58
5866,90
5867,3
5868,2.222222
5869,58.04
5870,15
5871,12
5872,120
5873,0.8
5874,45
5875,628
5876,32
5877,72
5878,0
5879,450
5880,42
5881,501
5882,41.25
5883,250
5884,2.5
5885,14.285714
5886,13.33
5887,7.5
5888,1000
5889,53
5890,62
5891,90
5892,41
5893,37.8
5894,1980
5895,72
5896,750
5897,7.8
5898,5420
5899,30
5900,13.5
5901,6
5902,1.12
5903,14400
5904,13
5905,182
5906,6
5907,7
5908,21
5909,7
5910,49
5911,9
5912,16
5913,33
5914,25
5915,8
5916,3
5917,7
5918,50
5919,60
5920,46
5921,8
5922,8
5923,18
5924,41
5925,42
5926,36
5927,10
5928,694
5929,1021
5930,5
5931,800
5932,12
5933,72
5934,42
5935,26
5936,41
5937,8
5938,6
5939,35
5940,12
5941,20
5942,10
5943,15
5944,15
5945,10
5946,10
5947,39
5948,38
5949,56
5950,3
5951,4
5952,12
5953,11
5954,9
5955,42
5956,21
5957,32
5958,82
5959,44
5960,20
5961,62
5962,18
5963,36
5964,15
5965,24
5966,16
5967,53
5968,41
5969,3
5970,72
5971,53
5972,4
5973,1
5974,5
5975,6
5976,28
5977,4
5978,2.666667
5979,12
5980,3
5981,38
5982,9
5983,4
5984,22
5985,60
5986,9
5987,34
5988,17
5989,27
5990,10
5991,4
5992,4
5993,18
5994,18
5995,20
5996,6
5997,4
5998,8
5999,5
6000,19
6001,21
6002,6
6003,6
6004,26
6005,47
6006,6
6007,9
6008,47
6009,81
6010,19
6011,28
6012,20
6013,20
6014,46
6015,44
6016,27
6017,8
6018,2
6019,25
6020,31
6021,62
6022,19
6023,21
6024,4
6025,27
6026,18
6027,13
6028,3
6029,11
6030,25
6031,31
6032,91
6033,35
6034,90
6035,56
6036,26
6037,81
6038,55
6039,6
6040,97
6041,51
6042,88
6043,16
6044,24
6045,57
6046,26
6047,8
6048,26
6049,21
6050,20
6051,26
6052,31
6053,27
6054,15
6055,88
6056,57
6057,7
6058,16
6059,8
6060,81
6061,81
6062,3
6063,79
6064,24
6065,18
6066,23
6067,27
6068,85
6069,39
6070,19
6071,9
6072,24
6073,80
6074,26
6075,20
6076,4
6077,20
6078,6
6079,25
6080,8
6081,6
6082,22
6083,53
6084,41
6085,37
6086,45
6087,19
6088,24
6089,11
6090,42
6091,11
6092,84
6093,40
6094,44
6095,30
6096,20
6097,35
6098,45
6099,25
6100,8
6101,8
6102,14
6103,23
6104,10
6105,72
6106,34
6107,9
6108,6
6109,3
6110,18
6111,4
6112,19
6113,10
6114,7
6115,7
6116,27
6117,30
6118,35
6119,16
6120,6
6121,56
6122,24
6123,18
6124,33
6125,36
6126,16
6127,24
6128,23
6129,6
6130,6
6131,8
6132,16
6133,15
6134,18
6135,8
6136,18
6137,6
6138,15
6139,49
6140,18
6141,20
6142,82
6143,16
6144,27
6145,21
6146,8
6147,27
6148,46
6149,1
6150,4
6151,80
6152,68
6153,26
6154,20
6155,45
6156,270
6157,139
6158,948
6159,808
6160,9
6161,40
6162,30
6163,5.5
6164,0.8
6165,2
6166,97
6167,1841
6168,500
6169,720
6170,121
6171,49
6172,68
6173,1620
6174,30
6175,180
6176,35
6177,2400
6178,4.2
6179,7
6180,39
6181,27
6182,44
6183,-40
6184,650
6185,1195
6186,61
6187,4360
6188,560
6189,543
6190,253
6191,85
6192,450
6193,90
6194,95
6195,-1800
6196,240
6197,5100
6198,1008
6199,12
6200,16
6201,48
6202,4
6203,7.2
6204,40
6205,40
6206,72
6207,9
6208,100
6209,23
6210,78
6211,136
6212,358
6213,148
6214,142
6215,270
6216,99
6217,66.666
6218,26
6219,5
6220,477
6221,796
6222,129
6223,39
6224,28
6225,9
6226,52
6227,9
6228,9
6229,72
6230,315
6231,265
6232,8
6233,220
6234,50
6235,1650
6236,98
6237,96
6238,113
6239,16
6240,3850
6241,33
6242,210
6243,5
6244,6
6245,535
6246,278
6247,36
6248,395
6249,150
6250,5
6251,5
6252,98
6253,200
6254,36
6255,146
6256,52
6257,100
6258,3
6259,225
6260,11
6261,66
6262,648
6263,669
6264,91
6265,41.5
6266,61
6267,180
6268,21
6269,540
6270,4000
6271,120
6272,0.47
6273,77
6274,41.2
6275,600
6276,2
6277,63
6278,250
6279,4
6280,5
6281,344
6282,186
6283,10
6284,16.8
6285,1.16
6286,3.61
6287,21
6288,7
6289,8
6290,100
6291,-480
6292,2.572
6293,47.5
6294,87
6295,90
6296,1200
6297,75
6298,67.8
6299,56.7
6300,22.4
6301,12
6302,307
6303,340
6304,64
6305,55
6306,14910
6307,315
6308,6
6309,74
6310,157
6311,68
6312,50
6313,18
6314,70
6315,90
6316,16
6317,45
6318,1300
6319,400
6320,10
6321,0.32
6322,4200
6323,308
6324,1
6325,72
6326,6
6327,740
6328,260
6329,3
6330,6120
6331,11320
6332,710
6333,13650
6334,4800
6335,696
6336,125
6337,900
6338,9
6339,40
6340,160
6341,48
6342,160
6343,280
6344,2200
6345,4
6346,7
6347,15
6348,48
6349,2
6350,20
6351,3600
6352,13
6353,7
6354,250
6355,2
6356,12
6357,400
6358,16
6359,15
6360,360
6361,110
6362,14945
6363,30
6364,4.8
6365,0.4
6366,6
6367,8
6368,31900
6369,173.5
6370,30
6371,24
6372,15
6373,0.333333
6374,-116
6375,107
6376,714
6377,1872
6378,0.18
6379,10
6380,14
6381,20
6382,12
6383,7000
6384,2
6385,100
6386,78
6387,6000
6388,38.5
6389,1.2
6390,60
6391,1.2
6392,-7
6393,12
6394,100
6395,35
6396,6720
6397,5.2
6398,4.3
6399,1428
6400,57
6401,100
6402,50
6403,6
6404,200
6405,240
6406,675
6407,900
6408,660
6409,20000
6410,12000
6411,0.7
6412,24000
6413,35
6414,0.36%
6415,176.58
6416,140.1
6417,34.4
6418,1950
6419,8
6420,540
6421,118
6422,3960
6423,45
6424,210
6425,3.5
6426,750
6427,180
6428,10
6429,41
6430,13.5
6431,8
6432,35
6433,36
6434,145
6435,80
6436,72
6437,45
6438,18
6439,17
6440,1200
6441,6
6442,8
6443,10
6444,40
6445,86.1
6446,9.42
6447,188.8
6448,5.33
6449,130
6450,359.84
6451,32
6452,38
6453,38
6454,125
6455,100.8
6456,630
6457,1.5
6458,48000
6459,648
6460,120
6461,213.333333
6462,40
6463,110
6464,400
6465,20000
6466,4
6467,10
6468,141
6469,21
6470,15
6471,55
6472,26
6473,8
6474,7
6475,4
6476,33
6477,9
6478,3.16
6479,4
6480,81
6481,10.6765
6482,48
6483,6575
6484,6
6485,300
6486,12
6487,49
6488,360
6489,576
6490,4
6491,160
6492,60
6493,105
6494,4
6495,62.8
6496,498
6497,31400
6498,30
6499,24.2
6500,44
6501,600
6502,6.666667
6503,0.066667
6504,32
6505,600
6506,139
6507,180
6508,95
6509,16
6510,35
6511,140
6512,64
6513,335
6514,368
6515,4
6516,122
6517,154
6518,5.2
6519,3050
6520,17
6521,1568
6522,5
6523,1.99
6524,2
6525,5
6526,180
6527,4.5
6528,62
6529,91
6530,1050
6531,882
6532,32
6533,6
6534,2100
6535,-30
6536,176
6537,54
6538,170
6539,15
6540,160
6541,25
6542,1680
6543,222
6544,4.4
6545,94860
6546,700
6547,400
6548,147
6549,375
6550,16
6551,1952
6552,206
6553,10
6554,4
6555,648
6556,133
6557,27
6558,69
6559,4
6560,15
6561,660
6562,2.27
6563,16
6564,616
6565,35
6566,39
6567,17.6
6568,23325
6569,80
6570,160
6571,45
6572,3800
6573,1800
6574,12.5
6575,1896
6576,900
6577,170.1
6578,4410
6579,8
6580,40
6581,360
6582,85
6583,2520
6584,4
6585,35
6586,576
6587,36
6588,93.1
6589,8
6590,15984
6591,1330
6592,40
6593,130
6594,900
6595,85
6596,128
6597,6.7
6598,306
6599,2730
6600,2768
6601,2250
6602,52
6603,328
6604,38
6605,215
6606,18750
6607,120
6608,18.5
6609,18
6610,92
6611,248
6612,4
6613,24
6614,80
6615,1050
6616,624
6617,825
6618,37
6619,356
6620,29
6621,9
6622,4
6623,48
6624,1320
6625,6
6626,13000
6627,557
6628,600
6629,60
6630,824
6631,13.2
6632,72
6633,70
6634,20
6635,6.65
6636,30
6637,2
6638,24
6639,24200
6640,75
6641,31.4
6642,1610
6643,24
6644,552
6645,2
6646,4600
6647,6960
6648,13730
6649,33
6650,414
6651,48
6652,10
6653,615
6654,231
6655,10.1
6656,23
6657,20
6658,155
6659,540
6660,25
6661,266
6662,4
6663,7
6664,285
6665,8
6666,126
6667,832
6668,500
6669,23
6670,1050
6671,1872
6672,60
6673,388.5
6674,138
6675,291
6676,28
6677,379
6678,3600
6679,770
6680,60
6681,1400
6682,472
6683,22
6684,606
6685,96
6686,525
6687,474.07
6688,294
6689,732
6690,5.625
6691,52
6692,-17.9
6693,560
6694,240
6695,56
6696,20
6697,2700
6698,1152
6699,10.3
6700,47
6701,7200
6702,98
6703,13
6704,4840
6705,25
6706,45
6707,23
6708,18.72
6709,52.392
6710,18000
6711,10
6712,97
6713,8
6714,9
6715,7
6716,16
6717,17
6718,18
6719,23
6720,85
6721,3216
6722,0.6
6723,0.6
6724,248
6725,2440
6726,80
6727,5
6728,18
6729,0.6
6730,21
6731,29
6732,8
6733,12
6734,10
6735,48
6736,52
6737,79
6738,38
6739,96
6740,10
6741,41
6742,21
6743,-32
6744,12
6745,-15
6746,2
6747,3
6748,30
6749,32
6750,21
6751,4
6752,29
6753,35
6754,36
6755,80
6756,37
6757,8
6758,29
6759,17
6760,35
6761,45
6762,6
6763,20
6764,4
6765,48
6766,8
6767,70
6768,4
6769,4
6770,6
6771,6
6772,6
6773,60
6774,20
6775,14
6776,4.5
6777,45
6778,5
6779,17
6780,12
6781,17
6782,45
6783,43
6784,39
6785,72
6786,0.4
6787,50
6788,8
6789,68
6790,87
6791,6
6792,58
6793,-79
6794,-54
6795,10
6796,38
6797,24
6798,35
6799,39
6800,61
6801,20
6802,95
6803,22
6804,14
6805,66
6806,40
6807,100
6808,10
6809,35
6810,37
6811,20
6812,50
6813,90
6814,33
6815,47
6816,21
6817,25
6818,47
6819,81
6820,37
6821,11
6822,11
6823,23
6824,3
6825,15
6826,30
6827,38
6828,12
6829,28
6830,33
6831,119
6832,57
6833,14
6834,36
6835,68
6836,46
6837,16
6838,24
6839,12
6840,5
6841,35
6842,7
6843,6
6844,13
6845,12
6846,9
6847,18
6848,6
6849,18
6850,14
6851,8
6852,30
6853,5
6854,9006000
6855,17
6856,9
6857,8
6858,0.027912
6859,178
6860,1360
6861,60
6862,1
6863,5460
6864,680
6865,10
6866,2
6867,95%
6868,179200
6869,400
6870,128
6871,304
6872,4410
6873,1500
6874,3600
6875,144
6876,12
6877,6
6878,260
6879,46.67
6880,200
6881,6000
6882,108
6883,1.714286
6884,300
6885,440
6886,176
6887,990
6888,60
6889,7.1
6890,166
6891,72
6892,40
6893,900
6894,0.4
6895,289
6896,512
6897,1680
6898,5652
6899,7040
6900,144
6901,5
6902,5652
6903,58
6904,1
6905,204
6906,8
6907,9.89
6908,17
6909,625
6910,37
6911,450
6912,40
6913,4
6914,96
6915,0.2
6916,798.04414
6917,26
6918,806.4
6919,216
6920,126
6921,90.4
6922,0.000278
6923,3
6924,151.25
6925,32
6926,14
6927,2750.625
6928,50.24
6929,1296
6930,8050
6931,3.6
6932,70
6933,40
6934,3
6935,13
6936,18
6937,40
6938,13
6939,4
6940,25%
6941,200
6942,60
6943,1.15%
6944,89
6945,24
6946,5
6947,3
6948,8.8
6949,-20
6950,5
6951,753.6
6952,252
6953,3.428571
6954,3.3
6955,22.5
6956,10
6957,1.2
6958,9
6959,2
6960,150
6961,96
6962,7500
6963,376
6964,5
6965,26.5
6966,28
6967,54
6968,28
6969,30
6970,20
6971,56
6972,72
6973,11
6974,144
6975,160
6976,14
6977,15
6978,96
6979,40
6980,28
6981,25%
6982,950
6983,6000
6984,20
6985,104
6986,2380
6987,136
6988,22.22
6989,35
6990,4.5
6991,1600
6992,120
6993,30
6994,270
6995,2600
6996,1000
6997,5.28
6998,300
6999,2340
7000,19
7001,0.4
7002,12.56
7003,5.25
7004,8
7005,1
7006,506.25
7007,180
7008,16.67
7009,4.8
7010,51
7011,9.8596
7012,625
7013,60
7014,48
7015,2068
7016,150
7017,60.93
7018,9
7019,1620
7020,50
7021,100.48
7022,125
7023,48.3
7024,2.5
7025,80
7026,180
7027,2.612
7028,16.67%
7029,60.288
7030,100
7031,1.6
7032,72
7033,0.666667
7034,25%
7035,96
7036,4.8
7037,5.98%
7038,512
7039,717
7040,2
7041,780
7042,525
7043,345
7044,60
7045,9
7046,270
7047,96
7048,60
7049,9
7050,150
7051,1560
7052,0
7053,2
7054,16
7055,80
7056,28.26
7057,10.18
7058,18
7059,28
7060,95.2%
7061,18
7062,22.8
7063,38.4
7064,12.5
7065,3.7
7066,2400
7067,7.7
7068,12
7069,30
7070,9.14
7071,2.333333
7072,350
7073,12.5
7074,12%
7075,6
7076,660
7077,50
7078,2500
7079,1.5
7080,23.5
7081,45
7082,60
7083,1050
7084,15
7085,2.5
7086,202
7087,3.5
7088,12
7089,35
7090,96
7091,100
7092,9
7093,216
7094,160
7095,0
7096,8
7097,2700
7098,102.6884
7099,20
7100,41
7101,5600
7102,3900
7103,2
7104,3
7105,17.5
7106,785
7107,100
7108,20
7109,75
7110,0.333333
7111,58
7112,32.4672
7113,5
7114,8.5
7115,60
7116,1080
7117,26.6
7118,200
7119,58
7120,4.8
7121,442.1
7122,445
7123,7396
7124,32
7125,6
7126,540
7127,84
7128,200
7129,95
7130,12.56
7131,4
7132,40
7133,60
7134,188
7135,13
7136,30
7137,100
7138,62.5
7139,56
7140,2.62
7141,0.67
7142,600
7143,5%
7144,19
7145,21
7146,23
7147,25%
7148,11
7149,1
7150,6
7151,12.97
7152,340
7153,-7
7154,160
7155,4000
7156,109.5
7157,58
7158,123
7159,7.2
7160,36
7161,1625
7162,3.5
7163,4
7164,512
7165,0.5
7166,126
7167,7.5
7168,93.75
7169,24
7170,2
7171,0.64
7172,48
7173,108.33%
7174,10%
7175,4.5
7176,8
7177,1000
7178,612.5
7179,175
7180,0.2512
7181,522.5
7182,1400
7183,3330
7184,2.64
7185,72
7186,9
7187,768
7188,12
7189,60
7190,97
7191,480
7192,225
7193,95592
7194,6160
7195,4.75
7196,900
7197,144
7198,27
7199,0.6
7200,12
7201,-12
7202,4960
7203,108
7204,150
7205,52
7206,150
7207,2.5
7208,9600
7209,426
7210,306
7211,2.1
7212,45
7213,1.59375
7214,30
7215,75.36
7216,796
7217,62.8
7218,21.98
7219,710
7220,3
7221,2192
7222,15
7223,20%
7224,150
7225,13.5
7226,13.68
7227,15
7228,32
7229,30
7230,12.5%
7231,80
7232,300
7233,80
7234,2.5
7235,90
7236,24.84
7237,100
7238,2000
7239,1.1
7240,8
7241,126
7242,3
7243,19
7244,4
7245,630
7246,57
7247,1.6
7248,168
7249,2000
7250,3000
7251,4
7252,36
7253,108
7254,10
7255,119
7256,117
7257,340
7258,1200
7259,190
7260,60
7261,48
7262,18
7263,2000
7264,57.6
7265,156250
7266,4420
7267,2.84
7268,3
7269,5500
7270,12.56
7271,37.72
7272,12
7273,300
7274,20
7275,375
7276,350
7277,750
7278,1200
7279,400
7280,76
7281,90
7282,240
7283,10%
7284,30
7285,15
7286,24
7287,1
7288,5
7289,120
7290,36
7291,5700
7292,20
7293,135
7294,4000
7295,31.95
7296,240
7297,150
7298,272
7299,55
7300,40
7301,0.9125
7302,15
7303,120
7304,25000
7305,30
7306,750
7307,873
7308,350
7309,1.35
7310,70
7311,1
7312,15
7313,160
7314,113.95
7315,24
7316,9
7317,80
7318,1038
7319,3
7320,9
7321,90
7322,480
7323,600
7324,103.3
7325,8.5
7326,4200
7327,0.4
7328,324
7329,16
7330,12
7331,280
7332,3.14
7333,140
7334,1650
7335,26
7336,5040
7337,1219.688
7338,15
7339,126
7340,44.775
7341,48
7342,16
7343,4
7344,1440
7345,319
7346,5555.36
7347,275
7348,20
7349,1.8
7350,900
7351,24
7352,-40
7353,720
7354,1000
7355,660
7356,15.75
7357,32.4
7358,4
7359,45
7360,10
7361,940
7362,778
7363,8
7364,90
7365,47
7366,4500
7367,100
7368,600
7369,72
7370,4
7371,3
7372,720
7373,48
7374,32
7375,4.444444
7376,0.45
7377,0.53
7378,50
7379,1898.96
7380,1600
7381,1
7382,5040
7383,30
7384,5
7385,251.2
7386,100.48
7387,1250
7388,0.785
7389,14.25
7390,6
7391,886.155
7392,36
7393,1256
7394,240
7395,480
7396,18840
7397,108
7398,16
7399,60
7400,64
7401,8
7402,10
7403,1.25
7404,9
7405,864
7406,8.75
7407,87
7408,10000
7409,175
7410,90
7411,11
7412,100
7413,125
7414,94.5
7415,4
7416,4
7417,132
7418,195
7419,2
7420,49
7421,5.6
7422,36
7423,54
7424,138
7425,17.307692
7426,36
7427,1260
7428,800
7429,120
7430,10%
7431,480
7432,22
7433,11.5
7434,50.65
7435,180
7436,26
7437,12.6
7438,17
7439,6
7440,880
7441,4
7442,180
7443,28.8
7444,75
7445,3.2
7446,28
7447,180
7448,7200
7449,7500
7450,2
7451,370
7452,81
7453,120
7454,4
7455,1056
7456,37.5%
7457,20
7458,3.44
7459,4.8
7460,506
7461,360
7462,1.75
7463,4368
7464,2
7465,125
7466,360
7467,1920
7468,125
7469,30
7470,1570
7471,50.24
7472,30
7473,1.25
7474,153
7475,6
7476,520
7477,-10
7478,55
7479,5.6
7480,29
7481,49.5
7482,760
7483,400
7484,13175
7485,204
7486,450
7487,27
7488,200
7489,4800
7490,15
7491,399
7492,64
7493,80
7494,90
7495,24
7496,9.6
7497,450
7498,3.03
7499,60
7500,119.946
7501,1.03
7502,0.05
7503,30
7504,121125
7505,173
7506,12
7507,2400
7508,63.64
7509,210
7510,2.4
7511,1.062
7512,2550
7513,14
7514,58.33
7515,-525
7516,74
7517,49.5
7518,1.2
7519,0.88
7520,1595
7521,3040
7522,1413
7523,16
7524,744
7525,21
7526,25800
7527,675
7528,2.5
7529,10
7530,25
7531,45
7532,22.5
7533,400
7534,2240
7535,445.92
7536,197
7537,27
7538,0.04
7539,4.733
7540,195
7541,15.5
7542,1212
7543,160
7544,60
7545,251.2
7546,25.714286
7547,43.96
7548,675
7549,2
7550,80
7551,3140
7552,115
7553,65
7554,69
7555,870
7556,12
7557,180
7558,-56
7559,9
7560,75
7561,6
7562,200
7563,284
7564,43
7565,384
7566,109
7567,42.75
7568,930
7569,930
7570,10
7571,10
7572,25.72
7573,24
7574,19800
7575,-4
7576,4
7577,50.24
7578,42.2
7579,0.666667
7580,200
7581,126
7582,29.4
7583,108
7584,1500
7585,9000
7586,13.5
7587,36
7588,40
7589,182
7590,240
7591,17
7592,20
7593,8.125
7594,2
7595,3969
7596,9
7597,106
7598,54
7599,15
7600,5
7601,10
7602,96
7603,24
7604,16
7605,132
7606,512
7607,15000
7608,40
7609,34
7610,24
7611,11.56
7612,34
7613,68
7614,10.24
7615,2.16
7616,60
7617,1
7618,54
7619,24
7620,12
7621,10
7622,50
7623,4
7624,0.22
7625,36
7626,512
7627,45
7628,36.55
7629,0.3
7630,3.37
7631,3.8
7632,343
7633,960
7634,90
7635,85
7636,800
7637,13.5
7638,1200
7639,69
7640,0.54
7641,0.6
7642,0.5
7643,36
7644,21
7645,20
7646,0.72
7647,18
7648,0.5
7649,0.142857
7650,1120
7651,3000
7652,333.333
7653,1.1
7654,36
7655,2400
7656,0.95
7657,64
7658,20
7659,9.6
7660,3.75
7661,31.8
7662,1.4
7663,0.9
7664,2
7665,0.4
7666,50
7667,8750
7668,60
7669,70
7670,21
7671,31
7672,13
7673,5
7674,10
7675,505
7676,4
7677,2520
7678,4
7679,1.6
7680,1.6
7681,3968
7682,750
7683,7
7684,50
7685,13
7686,800
7687,3.39375
7688,0.885714
7689,480
7690,2000
7691,64
7692,8280
7693,174
7694,3
7695,5340
7696,10
7697,12
7698,4
7699,26
7700,33
7701,38
7702,7
7703,9.5
7704,13.35
7705,0.83
7706,3045
7707,35
7708,28
7709,148
7710,72
7711,0.666667
7712,5
7713,0.166667
7714,2
7715,28.8
7716,42
7717,11.988
7718,0.625
7719,60
7720,7
7721,49.2
7722,75
7723,120
7724,1350
7725,5
7726,0.1
7727,5.8
7728,222
7729,6
7730,140
7731,882
7732,47
7733,0.3
7734,240
7735,337.5
7736,14
7737,6
7738,0
7739,90
7740,3
7741,135
7742,36
7743,85
7744,600
7745,2
7746,38
7747,9
7748,194
7749,2
7750,0.166667
7751,700
7752,1.8
7753,583
7754,0.875
7755,28
7756,3
7757,5
7758,2.14
7759,0.020833
7760,5
7761,7.8
7762,400
7763,27
7764,2.857143
7765,6
7766,12
7767,32800
7768,84
7769,117
7770,230
7771,2865
7772,7
7773,200
7774,120
7775,236.5
7776,1214
7777,1300
7778,2.4
7779,60
7780,3.2
7781,1728
7782,4
7783,22
7784,220
7785,10
7786,20
7787,432
7788,1800
7789,15
7790,8965
7791,26
7792,250
7793,0.489796
7794,5
7795,15
7796,16
7797,0.45
7798,1260
7799,2400
7800,65
7801,60
7802,10000
7803,1
7804,0.055556
7805,12
7806,100
7807,222
7808,42.25
7809,275
7810,2.8
7811,80
7812,1
7813,30
7814,2.5
7815,53
7816,2
7817,14
7818,240
7819,2550
7820,5
7821,0.9
7822,7216
7823,1026
7824,0.2
7825,42
7826,0.166667
7827,0.533333
7828,1250
7829,1
7830,72
7831,630
7832,10
7833,23
7834,930000
7835,82
7836,0.5
7837,4
7838,600
7839,-2
7840,124
7841,9
7842,4.222222
7843,35
7844,0.066667
7845,6
7846,6.8
7847,135
7848,45
7849,320
7850,270
7851,0.25
7852,570
7853,7
7854,8
7855,0.8
7856,4
7857,0.875
7858,48
7859,280
7860,31
7861,6.666667
7862,336
7863,3
7864,10.3
7865,7
7866,42
7867,22
7868,4.444444
7869,40
7870,180
7871,0.75
7872,2.4
7873,12.6
7874,28
7875,0.25
7876,3
7877,3
7878,8
7879,12
7880,0.375
7881,150
7882,62.5
7883,0.6
7884,0.1
7885,0.6
7886,96
7887,0.277778
7888,12
7889,9
7890,8
7891,0.625
7892,0.083333
7893,765
7894,312
7895,28
7896,87600
7897,80
7898,937.5
7899,2
7900,13
7901,9
7902,5
7903,20
7904,5.42
7905,3
7906,632
7907,200
7908,3.428571
7909,1
7910,8
7911,28
7912,70
7913,14.4
7914,2700
7915,0.1875
7916,10
7917,96
7918,20
7919,864
7920,0.45
7921,10
7922,0.1875
7923,0.2
7924,8
7925,324
7926,150
7927,900
7928,10
7929,360
7930,50
7931,5
7932,0.8
7933,100
7934,77
7935,0.625
7936,0.6
7937,0.4
7938,1000
7939,8
7940,7
7941,79
7942,0.416667
7943,3
7944,300
7945,42
7946,11.1
7947,15
7948,20
7949,25
7950,6000
7951,20
7952,50
7953,72
7954,128
7955,86
7956,58
7957,2502
7958,1.133333
7959,90
7960,1.066667
7961,35
7962,4
7963,2
7964,7000
7965,6
7966,5
7967,15
7968,1710
7969,10.25
7970,105
7971,5
7972,624
7973,100
7974,4
7975,165
7976,27
7977,500
7978,20
7979,0.04
7980,42
7981,392
7982,25
7983,2
7984,18
7985,70
7986,0.05
7987,75
7988,240
7989,144000
7990,294
7991,72
7992,3
7993,1200
7994,193
7995,12.727273
7996,8
7997,2950
7998,1
7999,1
