0,2000
1,37
2,9
3,0.7
4,6
5,1230
6,60
7,4800
8,8.4
9,9
10,41
11,1.5
12,80
13,56
14,54
15,8172
16,16
17,18.7
18,311.25
19,11
20,90
21,7
22,100
23,44
24,276
25,53
26,26
27,16
28,6.28
29,1950
30,11.6
31,75
32,12
33,720
34,30
35,1.45
36,354
37,5
38,1.45
39,48
40,400
41,24
42,9
43,500
44,48
45,17
46,95
47,288
48,978
49,390
50,700
51,9
52,9400
53,280
54,789
55,120
56,158
57,5625
58,1248
59,9
60,13
61,1201
62,1300
63,798
64,4780
65,70.4
66,13999.2
67,270
68,3360
69,750
70,9
71,73.2
72,6600
73,0.875
74,300
75,3.8
76,300
77,0.2
78,26
79,194
80,3.9
81,75
82,8
83,696
84,295
85,20%
86,15
87,180
88,405
89,474
90,9.06
91,20
92,20
93,375
94,1526
95,444.96
96,8
97,16
98,6
99,260
100,2592
101,400
102,3379.8
103,13
104,6
105,7
106,0.555556
107,2250
108,10.9
109,3
110,3.4
111,1200
112,408
113,137
114,9
115,710
116,1060
117,603
118,192
119,124
120,1.54
121,13
122,10
123,99
124,4000
125,90%
126,440
127,1.5
128,66
129,870
130,0.777778
131,7005
132,10
133,9
134,1600
135,9
136,695
137,750
138,6
139,91
140,80
141,309
142,144
143,17
144,8750.88
145,356
146,12
147,2400
148,4800
149,9
150,0.222222
151,404
152,3.333333
153,595
154,8000
155,0.3
156,9
157,600
158,114
159,290
160,30
161,50
162,5
163,2
164,26
165,1350
166,392
167,750
168,9
169,720
170,3
171,7.5
172,168
173,144
174,0.257143
175,14
176,46
177,9
178,8
179,14
180,200
181,70.72
182,12
183,27
184,14.4
185,700
186,5000
187,9
188,276
189,7
190,700
191,75.36
192,10995
193,890
194,1600
195,1970
196,704
197,28.26
198,500
199,248
200,675
201,268
202,12
203,0.35
204,5
205,40
206,0.444444
207,6
208,41
209,1394
210,6
211,67.95
212,2097
213,31970
214,6
215,6375
216,60
217,17
218,64208
219,1000
220,5
221,223
222,20
223,4
224,280
225,1972
226,32
227,9
228,0.714
229,9.6
230,170
231,393
232,3000
233,207
234,684
235,360
236,690
237,4050
238,0.055556
239,206
240,1000
241,1000
242,3.625
243,5375
244,432
245,0.6
246,179
247,0.458333
248,95
249,9
250,27.6
251,8
252,3178.5
253,1260
254,1650
255,7500
256,1536
257,6
258,420
259,5
260,2400
261,180
262,35
263,72
264,6.857143
265,14
266,0.458333
267,792
268,78
269,9.4
270,25000
271,16760
272,75
273,12
274,520
275,1925
276,697
277,2.7
278,32
279,910
280,50.24
281,8
282,5.2
283,736
284,59
285,18
286,240
287,678
288,72
289,2700
290,944
291,5
292,1.6
293,554
294,16
295,22
296,7200
297,6
298,4
299,130
300,138
301,1.45
302,5
303,8
304,81
305,19625
306,9
307,16
308,60
309,7
310,125.6
311,390
312,31
313,0.428571
314,36
315,75
316,40
317,324
318,900
319,0.5
320,10
321,435
322,0.375
323,0.35
324,0.6
325,7
326,4200
327,77.5
328,790
329,12
330,10712.5
331,474000
332,16000
333,300
334,0.571429
335,936
336,16
337,546
338,6
339,10
340,85
341,90
342,21
343,15
344,150
345,36
346,48
347,6
348,425
349,5
350,32
351,600
352,399
353,1568
354,168
355,210
356,164.25
357,13
358,2.5
359,20
360,5024
361,62.8
362,75
363,9
364,6
365,540
366,0.257143
367,32
368,0.125
369,299
370,150
371,202
372,10
373,7
374,36
375,1350
376,401
377,9.04
378,4398
379,7.5
380,70
381,42
382,0.4
383,6480
384,57125
385,91
386,60
387,53.38
388,200
389,20
390,7
391,1260
392,480
393,700
394,61.8
395,1000
396,450
397,9
398,6432
399,12
400,108
401,136
402,964
403,1
404,595
405,32
406,12
407,0.266667
408,10
409,12.56
410,12
411,5
412,0.125
413,800
414,10
415,71
416,65
417,8
418,990
419,10
420,0.333333
421,10
422,309
423,2
424,0.96
425,12.6
426,6
427,960
428,139
429,900
430,580
431,1200
432,384
433,107
434,12960
435,31
436,404
437,44
438,3.75
439,5200
440,0.166667
441,46
442,410
443,87.5
444,64
445,510
446,0.6
447,0.5
448,20
449,1920
450,856
451,68
452,5.3
453,10
454,30
455,133
456,1080
457,6
458,76
459,390
460,24
461,2400
462,32
463,676
464,0.285714
465,1710
466,225
467,128
468,21
469,30
470,12
471,17
472,700
473,125.6
474,9
475,7.5
476,574
477,5
478,1152
479,177
480,32
481,533
482,0.291667
483,3.2
484,105
485,280
486,194
487,216
488,16
489,1258
490,3
491,96
492,220
493,9
494,560
495,2137.92
496,960
497,1440
498,80
499,1344
500,272
501,700
502,900
503,0.75
504,965
505,632
506,150
507,700
508,97.68
509,39
510,7200
511,15
512,0.175
513,2.5
514,120
515,63
516,786
517,0.2
518,0.5
519,700
520,44
521,9
522,355
523,140
524,0.375
525,200
526,170
527,97.5
528,120
529,62.8
530,120
531,2
532,150
533,47.85
534,7.2
535,450
536,14.4
537,7
538,7
539,64
540,760
541,1600
542,216
543,900
544,44
545,60
546,0.25
547,72
548,5
549,96
550,1790
551,34.56
552,90
553,9
554,1200
555,750
556,11
557,6
558,7.85
559,125.6
560,1.7
561,6
562,6
563,100
564,47
565,60
566,6800
567,210
568,960
569,2670
570,28.4
571,16.8
572,10700
573,18
574,7500
575,49.5
576,4
577,2
578,150
579,240
580,1400
581,7
582,435.3
583,1600
584,6
585,11
586,6
587,20
588,47.5
589,720
590,76
591,16
592,80
593,0.4
594,4
595,19.625
596,0.9
597,915
598,276
599,9000
600,1760
601,1.5
602,6.5
603,60
604,60
605,0.4
606,8
607,7.5
608,5
609,62
610,900
611,7
612,168
613,15
614,11.2
615,52000
616,170.5
617,20
618,47.1
619,90
620,99.4
621,100
622,800
623,94
624,98
625,6.666667
626,400
627,18
628,437
629,40
630,12.5
631,314
632,3
633,2000
634,7500
635,94
636,95
637,60
638,90
639,60
640,200
641,48
642,45
643,36
644,270
645,12
646,2
647,26
648,2150
649,60
650,200
651,30
652,14.75
653,22.5
654,97.5
655,49
656,40
657,96
658,1.2
659,96
660,60
661,500
662,950
663,90
664,60
665,1094.5
666,500
667,65
668,1
669,9000
670,35
671,197
672,36
673,30
674,55
675,96
676,10
677,6
678,97
679,96
680,1
681,4600
682,480
683,450
684,14
685,42
686,3060
687,60
688,360
689,35
690,320
691,1500
692,81
693,9
694,40
695,964
696,48
697,20
698,0.475
699,59
700,60
701,72
702,4.5
703,2.5
704,9
705,3
706,94
707,0.625
708,20
709,63
710,1600
711,46
712,2.4
713,3000
714,10
715,1000
716,240
717,960
718,44
719,30
720,150
721,9.0432
722,120
723,80
724,20
725,425
726,420
727,117
728,300
729,305
730,96
731,15
732,48
733,93.75
734,39
735,135
736,17
737,20
738,98
739,160
740,95
741,4.5
742,0.375
743,51.2
744,3000
745,4000
746,40
747,169
748,27
749,368
750,7
751,96
752,40
753,11
754,78
755,2.5
756,8
757,64
758,7.5
759,1600
760,432
761,42.5
762,75.36
763,75.36
764,98
765,960
766,21972
767,3.36
768,6000
769,60
770,961
771,37
772,102.5
773,29.5
774,7500
775,28
776,75.36
777,180
778,420
779,7
780,6
781,3760
782,3600
783,20
784,1400
785,160
786,12.56
787,6
788,350
789,270
790,98
791,81
792,600
793,60
794,167.32
795,1400
796,9
797,96
798,4
799,200
800,79.5
801,59.375
802,20
803,24
804,68
805,27.2
806,250
807,76
808,5
809,24
810,3.5
811,9
812,40
813,75.36
814,15
815,4000
816,2100
817,12
818,8
819,90
820,99
821,1200
822,88
823,160
824,125.6
825,1050
826,1380
827,10
828,2.4
829,40
830,380
831,200
832,1.5
833,25
834,90
835,720
836,40
837,16
838,24
839,5
840,75
841,1.5
842,6
843,7560
844,546
845,119
846,8
847,42
848,760
849,6
850,360
851,500
852,63
853,12
854,30
855,1
856,15
857,1000
858,9
859,72
860,56
861,600
862,36
863,0.285714
864,2.4
865,11
866,200
867,29
868,35.8
869,50
870,6.6
871,188.4
872,9
873,60
874,38
875,9
876,9750
877,12.5%
878,6.28
879,9.4%
880,640
881,1000
882,120
883,8
884,47
885,26
886,910
887,94.2
888,16
889,42
890,2.8
891,72
892,17.2
893,57.9
894,64
895,9
896,295
897,11
898,24
899,2400
900,4000
901,229400
902,7
903,225
904,15
905,3000
906,900
907,72
908,26
909,6.28
910,6
911,6.96
912,75
913,6
914,6.9
915,420
916,50.76
917,34.54
918,94.2
919,3
920,200
921,3
922,7
923,94
924,400
925,72
926,96%
927,75
928,36
929,8
930,25000
931,25000
932,96
933,28.26
934,6.7
935,150
936,90
937,120
938,7.66
939,17
940,76
941,7
942,204
943,24
944,9
945,0.416667
946,176
947,5
948,270
949,36
950,0.3
951,24
952,80
953,90
954,540
955,12
956,16
957,600
958,10000
959,1300
960,6
961,8
962,640
963,31575
964,16
965,12
966,25
967,2.7
968,30
969,0.066667
970,172.7
971,10
972,3174
973,942
974,41
975,12
976,70
977,12
978,38.5
979,925
980,159.9
981,720
982,30
983,456
984,3.25
985,74
986,76
987,12
988,2
989,790
990,9
991,672
992,597
993,98
994,0.2%
995,2040
996,0.111111
997,96
998,72
999,0.2
1000,6.28
1001,1000
1002,168
1003,15
1004,6
1005,20%
1006,100
1007,20
1008,90960
1009,0.375
1010,1.5
1011,167
1012,125
1013,20%
1014,5
1015,80
1016,15
1017,20
1018,60
1019,0.666667
1020,4
1021,66.7%
1022,50%
1023,62.8
1024,30
1025,47860
1026,13000
1027,0.25
1028,78
1029,76
1030,15
1031,207.2
1032,19
1033,12
1034,96
1035,168
1036,0.36
1037,30
1038,400
1039,28
1040,9
1041,4600
1042,1
1043,9.8
1044,46.5
1045,63
1046,0.75
1047,96
1048,1219
1049,750
1050,45
1051,25
1052,240
1053,50
1054,7500
1055,1
1056,12
1057,18.84
1058,0.4375
1059,512
1060,67.5
1061,11.6
1062,3.45
1063,5.5
1064,18
1065,20
1066,34
1067,9
1068,30
1069,45
1070,55
1071,12.5
1072,72
1073,284
1074,0.2
1075,4204
1076,15
1077,274
1078,2
1079,200
1080,1920
1081,93
1082,20
1083,3
1084,130
1085,7.6
1086,0.05
1087,75
1088,0.444444
1089,0.144
1090,190
1091,45
1092,1050
1093,176
1094,469.2
1095,9
1096,1440
1097,0.625
1098,126
1099,120
1100,0.142857
1101,16
1102,414
1103,10
1104,300
1105,0.4
1106,96.7
1107,48
1108,27.6
1109,20
1110,18
1111,2.5
1112,7.2
1113,50%
1114,800
1115,690
1116,1.5
1117,50
1118,4
1119,16
1120,15
1121,30
1122,24
1123,9
1124,41
1125,6000
1126,96
1127,1.6
1128,10000
1129,10
1130,0.94
1131,4
1132,60
1133,550
1134,128
1135,30
1136,36.12
1137,15
1138,480
1139,240
1140,3600
1141,27
1142,6
1143,210
1144,14
1145,6
1146,200
1147,696
1148,192
1149,51.3
1150,4.7
1151,8
1152,0.5
1153,770
1154,4
1155,270
1156,9
1157,25
1158,954
1159,4
1160,21
1161,6
1162,120
1163,45
1164,16300
1165,12
1166,12
1167,20
1168,79.4
1169,12
1170,11.7%
1171,900
1172,120
1173,170
1174,1.5
1175,98
1176,2.5
1177,3
1178,7000
1179,198
1180,3
1181,270
1182,24
1183,46
1184,269
1185,240
1186,7
1187,199
1188,679
1189,637
1190,1200
1191,165
1192,270
1193,42000
1194,72
1195,110%
1196,1.5
1197,75
1198,198
1199,157
1200,270
1201,0.75
1202,19
1203,25%
1204,5
1205,30
1206,182
1207,189
1208,7
1209,4
1210,100
1211,20
1212,708
1213,70%
1214,60
1215,1600
1216,60
1217,39
1218,30
1219,750
1220,88.9%
1221,50
1222,3
1223,175.2
1224,16
1225,40
1226,94.2
1227,1600
1228,25
1229,195
1230,8
1231,8
1232,54
1233,512
1234,75
1235,9.42
1236,91
1237,75
1238,27
1239,22
1240,25%
1241,6
1242,720
1243,96
1244,93
1245,420
1246,85
1247,59
1248,54
1249,180
1250,33
1251,45
1252,35
1253,16
1254,36
1255,8
1256,30
1257,38
1258,24
1259,16
1260,53
1261,22
1262,4
1263,37
1264,6
1265,45
1266,12
1267,6
1268,33
1269,18
1270,65
1271,53
1272,30
1273,26
1274,61
1275,12
1276,66
1277,6
1278,94
1279,30
1280,75
1281,51
1282,64
1283,24
1284,48
1285,36
1286,33
1287,35
1288,27
1289,48
1290,9
1291,19
1292,29
1293,10
1294,19
1295,7
1296,10
1297,3
1298,8
1299,6
1300,5
1301,20
1302,6
1303,4
1304,6
1305,6
1306,4
1307,5
1308,8
1309,8
1310,7
1311,10
1312,2
1313,36
1314,8
1315,13
1316,67
1317,6
1318,3
1319,9
1320,8
1321,72
1322,70
1323,21
1324,22
1325,40
1326,27
1327,7
1328,24
1329,15
1330,78
1331,6
1332,72
1333,22
1334,4
1335,65
1336,54
1337,6
1338,30
1339,5
1340,73
1341,18
1342,6
1343,7
1344,16
1345,84
1346,31
1347,33
1348,24
1349,17
1350,27
1351,16
1352,19
1353,28
1354,4
1355,18
1356,78
1357,75.36
1358,160
1359,500
1360,176
1361,1950
1362,60000
1363,0.555556
1364,4.8
1365,0.8
1366,16
1367,9
1368,75360
1369,60
1370,36
1371,27
1372,335
1373,60
1374,91.875
1375,0.542857
1376,1250
1377,97
1378,4700
1379,7.2
1380,27
1381,175.84
1382,900
1383,84
1384,460
1385,13.5
1386,14
1387,12
1388,150
1389,3.7
1390,34
1391,24
1392,48000
1393,18
1394,40
1395,16
1396,4
1397,112
1398,97
1399,732
1400,6
1401,180
1402,640
1403,150
1404,24
1405,9
1406,9
1407,36
1408,987
1409,125
1410,137
1411,500
1412,400
1413,36
1414,288
1415,960
1416,9475
1417,9
1418,160
1419,34
1420,0.35
1421,25.4
1422,39.55
1423,6.2
1424,0.008
1425,15
1426,9
1427,3
1428,504
1429,9
1430,30
1431,24
1432,6
1433,176
1434,2
1435,41.3
1436,220
1437,31.792
1438,79.8
1439,72
1440,20
1441,9
1442,1090
1443,96
1444,36
1445,15
1446,19275
1447,69
1448,0.75
1449,4
1450,44
1451,9.6
1452,180
1453,218
1454,40
1455,40
1456,99
1457,45
1458,16
1459,9
1460,3600
1461,560
1462,196
1463,165
1464,8
1465,310
1466,29
1467,196
1468,4
1469,2.3
1470,167
1471,97
1472,7.5
1473,176
1474,26
1475,9
1476,50
1477,9000
1478,7.56
1479,24
1480,0.6
1481,8496
1482,18
1483,2.5
1484,5.16
1485,4
1486,10
1487,32
1488,8
1489,56
1490,3.5
1491,27
1492,30
1493,6500
1494,32
1495,36
1496,6
1497,7
1498,10.98
1499,2370
1500,92.9
1501,4.8
1502,179
1503,4
1504,451
1505,31
1506,76.5
1507,8
1508,20.9
1509,2700
1510,945
1511,50
1512,2.56
1513,160
1514,70
1515,720
1516,36
1517,1.6
1518,10000
1519,24
1520,60
1521,48
1522,300
1523,6.25
1524,139
1525,6
1526,160
1527,3
1528,32
1529,810
1530,407
1531,46
1532,4
1533,91.25
1534,7400
1535,1
1536,3.75
1537,36
1538,0.047619
1539,160
1540,128
1541,150.72
1542,27
1543,180
1544,2.5
1545,320
1546,160
1547,20
1548,1
1549,16
1550,39
1551,56
1552,4200
1553,4950
1554,3
1555,753.6
1556,229.92
1557,3
1558,4
1559,20
1560,8000
1561,25
1562,10
1563,72
1564,768
1565,75
1566,1200
1567,12
1568,5760
1569,9.8
1570,2000
1571,8
1572,6.28
1573,7.5
1574,65
1575,47.1
1576,97.2
1577,76.9
1578,210
1579,292
1580,125
1581,64
1582,1250
1583,200
1584,1297
1585,600
1586,300
1587,60
1588,49
1589,2400
1590,73
1591,96
1592,96
1593,200
1594,75
1595,28
1596,5.2
1597,25%
1598,12
1599,68
1600,30
1601,80
1602,30
1603,804
1604,12
1605,20%
1606,540
1607,112
1608,8
1609,62.8
1610,1256
1611,200.96
1612,762.5
1613,96
1614,37.68
1615,56
1616,553
1617,75
1618,150
1619,448
1620,55
1621,130
1622,97.2
1623,120
1624,200
1625,379.6
1626,28
1627,2500
1628,1.125
1629,12
1630,2000
1631,75
1632,60
1633,0.777778
1634,850
1635,24
1636,7
1637,27
1638,24
1639,2.4
1640,72
1641,1.65
1642,176
1643,780
1644,98
1645,10
1646,12.56
1647,0.3
1648,156
1649,12
1650,1774
1651,35
1652,5
1653,15
1654,98
1655,403.2
1656,9
1657,600
1658,47
1659,4.8
1660,126
1661,6
1662,6
1663,20
1664,3.2
1665,3
1666,32
1667,1980
1668,625
1669,3.52
1670,0.3
1671,7357.5
1672,980
1673,28
1674,70
1675,162
1676,1800
1677,20
1678,72
1679,1000
1680,27
1681,3840
1682,136
1683,1200
1684,3
1685,27
1686,145
1687,900
1688,1570
1689,100
1690,560
1691,16
1692,9
1693,0.5
1694,28.26
1695,3840
1696,104
1697,5
1698,30
1699,12
1700,37
1701,20
1702,6.97
1703,5.2
1704,60
1705,0.2
1706,2.666667
1707,17
1708,750
1709,7
1710,756
1711,3600
1712,6600
1713,40.4
1714,1200
1715,29
1716,4
1717,450
1718,18
1719,1200
1720,0.5
1721,79.52
1722,12
1723,96
1724,113.04
1725,26
1726,25
1727,150.72
1728,8
1729,675
1730,1
1731,10
1732,104
1733,37.5
1734,25
1735,90
1736,70
1737,130
1738,250
1739,4976
1740,27
1741,60
1742,30
1743,1380
1744,200
1745,44
1746,96
1747,97.2
1748,16
1749,3600
1750,114
1751,950
1752,9
1753,1.74
1754,25
1755,45
1756,6
1757,1200
1758,15.7
1759,600
1760,17
1761,72
1762,32.13
1763,309
1764,10
1765,75
1766,59
1767,30
1768,36
1769,8
1770,3.5
1771,960
1772,1700
1773,3000
1774,4
1775,200
1776,640
1777,125
1778,11960
1779,920
1780,50
1781,9
1782,1175
1783,1800
1784,64
1785,29
1786,9
1787,5
1788,1236
1789,6
1790,600
1791,250
1792,28
1793,11460
1794,5
1795,22
1796,5
1797,160
1798,24
1799,700
1800,1.6
1801,0.875
1802,3360
1803,12
1804,250
1805,150
1806,7200
1807,36
1808,160
1809,7
1810,630
1811,5
1812,75.36
1813,5
1814,8
1815,126
1816,4
1817,10
1818,225
1819,36
1820,7040
1821,9
1822,156
1823,9
1824,5700
1825,332
1826,12.5
1827,5
1828,80
1829,219.86
1830,40
1831,3
1832,60
1833,5992
1834,224
1835,942
1836,10000
1837,4
1838,9
1839,2
1840,900
1841,2.5
1842,12
1843,37
1844,70
1845,40.82
1846,20
1847,706
1848,9
1849,3000
1850,818
1851,107.9
1852,27
1853,1035
1854,1
1855,11
1856,1600
1857,75000
1858,60
1859,26
1860,40
1861,0.7
1862,96
1863,12
1864,7
1865,9
1866,795
1867,6
1868,36
1869,6720
1870,6300
1871,0
1872,5400
1873,7840
1874,1
1875,13
1876,24
1877,6
1878,108
1879,489
1880,18.84
1881,6.17
1882,6
1883,3928
1884,1152
1885,17
1886,8
1887,9
1888,720
1889,7
1890,16
1891,50%
1892,54
1893,21.98
1894,150
1895,128
1896,0.4
1897,3
1898,24
1899,64
1900,9
1901,36
1902,3600
1903,2.1
1904,3
1905,60
1906,420
1907,160
1908,27
1909,21
1910,225
1911,1469
1912,12
1913,9
1914,1.36
1915,216
1916,18
1917,11
1918,16
1919,96
1920,12
1921,176
1922,11
1923,504
1924,13
1925,9.6
1926,1.62
1927,7.68
1928,7.5
1929,282.6
1930,20
1931,10
1932,40
1933,600
1934,7890
1935,2
1936,216
1937,37.68
1938,11
1939,40
1940,400
1941,2.2
1942,62.8
1943,5000
1944,47.7
1945,24
1946,2975
1947,1000
1948,24
1949,20
1950,20%
1951,7
1952,6
1953,10.4
1954,2
1955,5800
1956,7
1957,217
1958,65.96
1959,92
1960,8
1961,0.5
1962,3740
1963,200
1964,38000
1965,64
1966,192
1967,360
1968,78.5
1969,79
1970,89
1971,4.1
1972,18
1973,0.63
1974,6
1975,42
1976,3
1977,60
1978,90
1979,9
1980,100
1981,27
1982,14.4
1983,17.5
1984,6
1985,90
1986,1500
1987,0.777778
1988,60
1989,700
1990,201
1991,16
1992,7590
1993,579
1994,22
1995,4605
1996,79
1997,12
1998,7.8
1999,2
2000,12
2001,168
2002,12
2003,75
2004,8
2005,45
2006,265
2007,885
2008,900
2009,621
2010,75
2011,45
2012,6750
2013,0.5
2014,2
2015,162
2016,14
2017,3.4
2018,0.5
2019,400
2020,120
2021,72
2022,600
2023,80
2024,15
2025,12.35
2026,900
2027,18
2028,6
2029,15%
2030,20%
2031,46
2032,7
2033,30
2034,3600
2035,2300
2036,648
2037,720
2038,384
2039,1.5
2040,1.2
2041,219.84
2042,78.5
2043,6
2044,0.375
2045,9
2046,240
2047,30
2048,9
2049,20
2050,12
2051,1169
2052,79
2053,497.2
2054,10
2055,50.24
2056,63
2057,600
2058,3
2059,190000
2060,2500
2061,43
2062,0
2063,27.4
2064,24
2065,160
2066,5000
2067,709
2068,28.26
2069,315
2070,51
2071,260
2072,3
2073,90
2074,24
2075,63
2076,700
2077,4
2078,480
2079,2000
2080,2.57
2081,22
2082,35
2083,12
2084,3.75
2085,80
2086,94.32
2087,54
2088,150
2089,1740
2090,113.3
2091,108
2092,50000
2093,900
2094,1008
2095,565.2
2096,40
2097,18
2098,5.5
2099,14
2100,2100
2101,1400
2102,5
2103,100
2104,96
2105,42
2106,16
2107,64
2108,1140
2109,2960
2110,60
2111,4
2112,72
2113,19.84
2114,64
2115,622
2116,7.5
2117,200
2118,62.8
2119,72
2120,7.5
2121,92.8
2122,399.28
2123,4.503625
2124,3.5
2125,1
2126,830
2127,99
2128,364
2129,54
2130,7.2
2131,300
2132,7
2133,4105
2134,7
2135,1500
2136,23
2137,9
2138,14
2139,12
2140,2.5
2141,8
2142,12
2143,12
2144,1
2145,9
2146,1336
2147,24
2148,1.25
2149,75
2150,70.692
2151,47.1
2152,7
2153,62.8
2154,701
2155,11
2156,10.5
2157,120
2158,18
2159,22.68
2160,20
2161,480
2162,168
2163,90
2164,22
2165,37.5
2166,768
2167,690
2168,18
2169,3
2170,25
2171,6
2172,17%
2173,10878.5
2174,7
2175,12%
2176,65
2177,5
2178,300
2179,90
2180,2826
2181,120
2182,715
2183,6
2184,900
2185,170
2186,28
2187,441
2188,960
2189,300
2190,9
2191,18
2192,225
2193,42
2194,2
2195,3400
2196,24
2197,0.4
2198,40
2199,12
2200,70
2201,160
2202,2700
2203,11400
2204,7.5
2205,10
2206,18
2207,26
2208,20.5
2209,210
2210,496
2211,75.36
2212,135
2213,72
2214,1.44
2215,6
2216,9
2217,192
2218,9
2219,20
2220,1080
2221,3750
2222,490
2223,33
2224,9.825
2225,300
2226,6
2227,80
2228,75.36
2229,1250
2230,75.36
2231,4
2232,20
2233,9
2234,1.07
2235,1.44
2236,5
2237,69
2238,68
2239,1000
2240,1500
2241,120
2242,4
2243,6308
2244,45
2245,1.5
2246,6
2247,67
2248,4.5
2249,900
2250,904.32
2251,96
2252,70
2253,24
2254,1440
2255,9
2256,20
2257,5625
2258,32
2259,7
2260,384
2261,16%
2262,22
2263,9.3
2264,6
2265,95
2266,2304
2267,22.5
2268,7
2269,512
2270,1
2271,175
2272,45.2
2273,96
2274,5.333333
2275,63
2276,147
2277,320
2278,1
2279,17.5
2280,90
2281,7560
2282,275
2283,1190
2284,3396
2285,48
2286,12
2287,15
2288,5
2289,210
2290,60
2291,45
2292,45
2293,60
2294,64
2295,31.076
2296,72
2297,7
2298,20
2299,62.8
2300,36
2301,2.5
2302,200
2303,30
2304,78.4
2305,7.02
2306,12
2307,33
2308,13
2309,8
2310,8
2311,6
2312,70
2313,750
2314,750
2315,6
2316,972
2317,450
2318,0.166667
2319,48
2320,90
2321,180
2322,64
2323,44
2324,75
2325,900
2326,1537
2327,70
2328,75
2329,13
2330,75
2331,41
2332,0.714286
2333,4200
2334,11.76
2335,90
2336,12
2337,5
2338,678
2339,4
2340,7
2341,1520
2342,24
2343,46
2344,0.625
2345,140
2346,50.4
2347,96
2348,48
2349,397
2350,720
2351,40
2352,180
2353,18
2354,150
2355,400
2356,1970
2357,12
2358,75
2359,1523
2360,64
2361,12
2362,448
2363,32
2364,476
2365,90
2366,20
2367,12.56
2368,2
2369,4
2370,75
2371,7
2372,0.7536
2373,75
2374,20
2375,34
2376,10
2377,6
2378,3
2379,3.2
2380,90
2381,24
2382,6.75
2383,1280
2384,1050
2385,167
2386,67
2387,730
2388,14
2389,0.75
2390,90
2391,2400
2392,21
2393,15
2394,19.2
2395,6
2396,64
2397,7
2398,168
2399,75%
2400,27.9
2401,74
2402,0.9
2403,4
2404,70
2405,64
2406,62
2407,2.1
2408,14
2409,9.42
2410,9
2411,37.68
2412,5
2413,6
2414,6
2415,216
2416,12.56
2417,1050
2418,64
2419,20
2420,98.7
2421,400
2422,4
2423,29
2424,3.9
2425,1884
2426,48
2427,8
2428,150
2429,9.6
2430,47
2431,30
2432,3
2433,3
2434,120
2435,15
2436,47.5
2437,89.28
2438,19
2439,10
2440,9
2441,199
2442,36
2443,13
2444,25
2445,7
2446,150
2447,525
2448,7
2449,79.5
2450,1650
2451,30
2452,50
2453,249.7
2454,60
2455,25
2456,20%
2457,176
2458,20
2459,1749.25
2460,150
2461,6
2462,5
2463,10
2464,98.5
2465,165
2466,12.56
2467,3.75
2468,26
2469,7.68
2470,16
2471,44
2472,7
2473,1200
2474,12
2475,800
2476,25
2477,4
2478,15
2479,60
2480,55
2481,9
2482,38
2483,4
2484,12.56
2485,600
2486,9
2487,1708
2488,7
2489,8
2490,12
2491,9
2492,11
2493,2
2494,75
2495,98
2496,25
2497,17200
2498,0.375
2499,70
2500,195
2501,10
2502,2000
2503,30
2504,55%
2505,20
2506,4
2507,17
2508,216
2509,72
2510,1500
2511,28.26
2512,8100
2513,6.72
2514,2.15
2515,80
2516,1.5
2517,15.072
2518,94.2
2519,7.5
2520,195.7
2521,5840
2522,176.09
2523,3.428571
2524,12
2525,792
2526,18
2527,170
2528,40
2529,66
2530,12
2531,8
2532,45
2533,98
2534,30
2535,9.42
2536,50
2537,216
2538,1.8
2539,72
2540,6
2541,8
2542,10
2543,2
2544,675
2545,15
2546,1000
2547,30
2548,600
2549,22
2550,3
2551,5
2552,66
2553,12.5%
2554,7
2555,2.5
2556,300
2557,125.6
2558,4.8
2559,388.8
2560,32
2561,100
2562,9.2
2563,30
2564,4
2565,648
2566,90
2567,1.536
2568,2
2569,764
2570,140
2571,3096
2572,9
2573,2.5
2574,20
2575,60
2576,5
2577,37.5
2578,15.7
2579,480
2580,960
2581,12
2582,7
2583,30
2584,1.5
2585,16
2586,36
2587,16
2588,19
2589,9
2590,1.94
2591,13
2592,245
2593,160
2594,180
2595,600
2596,168
2597,21
2598,43.2
2599,50
2600,125
2601,336
2602,900
2603,72
2604,16
2605,36
2606,15
2607,2000
2608,4
2609,19
2610,60
2611,12.56
2612,1304
2613,1125
2614,20
2615,11
2616,74
2617,2500
2618,720
2619,4
2620,90%
2621,0.2
2622,0.428571
2623,27
2624,3
2625,40.82
2626,40.96
2627,180
2628,75%
2629,200
2630,198
2631,60
2632,40
2633,73
2634,28
2635,60
2636,7
2637,139.8
2638,16
2639,6
2640,5
2641,5
2642,9
2643,350
2644,36
2645,16
2646,76
2647,36
2648,125
2649,90
2650,2
2651,5
2652,4
2653,180
2654,180
2655,2.4
2656,250
2657,2.5
2658,3
2659,17.3
2660,18.84
2661,8
2662,6
2663,120
2664,180
2665,1920
2666,34
2667,93.75
2668,120
2669,196
2670,0.4
2671,90
2672,35
2673,44
2674,20
2675,35
2676,15
2677,2
2678,784
2679,109.6
2680,64
2681,7
2682,2.4
2683,360000
2684,40000
2685,2800
2686,25
2687,40000
2688,64
2689,7
2690,160
2691,5200
2692,0
2693,176
2694,9.5
2695,20
2696,75.36
2697,530
2698,3
2699,18
2700,11
2701,12
2702,1200
2703,100
2704,84
2705,200
2706,5
2707,6
2708,6
2709,4.2
2710,60
2711,13
2712,96.7
2713,720
2714,2
2715,370
2716,75.36
2717,195
2718,24
2719,2.5
2720,12600
2721,1764
2722,19200
2723,1697
2724,20400
2725,3.6
2726,15
2727,50
2728,2290
2729,9
2730,13
2731,270
2732,5
2733,200
2734,6
2735,0.5
2736,6
2737,1
2738,2
2739,10
2740,3
2741,10
2742,3
2743,198
2744,36
2745,60
2746,17
2747,23
2748,150
2749,4096
2750,24
2751,17
2752,1000
2753,0.5
2754,4
2755,80
2756,1.26
2757,100
2758,48
2759,7.8
2760,2
2761,198
2762,90
2763,432
2764,127
2765,12.7
2766,5
2767,2
2768,419
2769,5
2770,10
2771,4.38
2772,6
2773,48
2774,20
2775,24
2776,4
2777,70
2778,90
2779,250
2780,15
2781,30
2782,5
2783,8
2784,375
2785,7
2786,1160
2787,76
2788,76
2789,9
2790,7
2791,6
2792,36
2793,20
2794,6
2795,100
2796,50
2797,6
2798,5
2799,7
2800,9
2801,168
2802,7
2803,100
2804,870
2805,240
2806,75
2807,18
2808,25
2809,16
2810,19.68
2811,1152
2812,100
2813,3
2814,19.2336
2815,1
2816,16
2817,3600
2818,49
2819,120
2820,3.14
2821,170
2822,240
2823,7
2824,9
2825,70
2826,7040
2827,3.5
2828,100
2829,32
2830,70
2831,17
2832,10
2833,72
2834,598
2835,6
2836,19
2837,960
2838,240
2839,75%
2840,80
2841,40
2842,10
2843,18
2844,90
2845,226.08
2846,20
2847,36
2848,94.2
2849,846
2850,9
2851,50.24
2852,3
2853,8
2854,32
2855,10%
2856,2
2857,28
2858,30
2859,7.5
2860,5500
2861,318
2862,7
2863,94.2
2864,48
2865,16
2866,9
2867,250
2868,4.71
2869,1000
2870,140
2871,3000
2872,1296
2873,4
2874,50.24
2875,750
2876,3
2877,25%
2878,910
2879,32
2880,5
2881,7200
2882,96%
2883,30
2884,20
2885,7.5
2886,7
2887,157
2888,1760
2889,502.4
2890,1950
2891,270
2892,2
2893,7
2894,170
2895,20%
2896,20
2897,69
2898,2390
2899,1375
2900,6
2901,527
2902,49
2903,9
2904,60
2905,136
2906,23.75
2907,60
2908,100.48
2909,240
2910,7
2911,10
2912,505
2913,66
2914,2
2915,64
2916,15
2917,3.14
2918,45
2919,495
2920,180
2921,16
2922,16
2923,6600
2924,0.5
2925,40
2926,12000
2927,9
2928,399
2929,8
2930,132
2931,13
2932,679
2933,10
2934,7
2935,401.92
2936,60
2937,78.5
2938,6
2939,10
2940,36000
2941,200
2942,753.6
2943,78
2944,12
2945,125.6
2946,27
2947,200.96
2948,65
2949,409
2950,99
2951,3.6
2952,72
2953,79
2954,500
2955,11.25
2956,15
2957,16
2958,30
2959,8
2960,8
2961,30
2962,44
2963,95
2964,12.56
2965,60
2966,60
2967,180
2968,30
2969,560
2970,18
2971,24.4
2972,90
2973,15
2974,0.8
2975,12
2976,12
2977,62.8
2978,176
2979,25
2980,36
2981,96.6
2982,2
2983,4000
2984,960
2985,73
2986,1.6
2987,6
2988,96
2989,9
2990,5.6
2991,1.6
2992,75.3
2993,179.6
2994,700
2995,64
2996,400
2997,97
2998,18
2999,9
3000,200
3001,640
3002,88
3003,62.8
3004,0.2
3005,60
3006,30
3007,49
3008,126
3009,226.08
3010,87.98
3011,1.2
3012,251.2
3013,1272
3014,4.192
3015,1000
3016,9
3017,120
3018,96
3019,90
3020,70
3021,75
3022,760
3023,1000
3024,15
3025,60
3026,66
3027,6750
3028,7200
3029,144
3030,9
3031,738
3032,12
3033,3.6
3034,8
3035,100
3036,120
3037,9
3038,15%
3039,4
3040,125.6
3041,3
3042,12
3043,2.7
3044,120
3045,15
3046,37
3047,1784
3048,4
3049,30
3050,3.4
3051,68
3052,16
3053,7
3054,12
3055,15
3056,400
3057,6
3058,750
3059,518.4
3060,1250
3061,756
3062,18.84
3063,75.36
3064,64
3065,60
3066,1600
3067,120
3068,140
3069,750
3070,120
3071,9540
3072,62.5%
3073,70
3074,4.7
3075,300
3076,20
3077,753.6
3078,60
3079,45
3080,65
3081,72
3082,753.6
3083,0.75
3084,27
3085,36
3086,1600
3087,20
3088,20
3089,72
3090,98
3091,192
3092,39
3093,72
3094,292.4
3095,796.4
3096,79
3097,2
3098,157
3099,3
3100,2.37
3101,0.25
3102,100
3103,32
3104,8
3105,15
3106,960
3107,900
3108,50
3109,11
3110,4
3111,360
3112,192
3113,160
3114,480
3115,1.2
3116,675
3117,270
3118,63
3119,45
3120,75.36
3121,176
3122,600
3123,18
3124,18
3125,150
3126,675
3127,70
3128,7
3129,400
3130,3150
3131,168
3132,10
3133,9.8
3134,1000
3135,76
3136,70.692
3137,94.2
3138,640
3139,78
3140,95
3141,6000
3142,20
3143,18
3144,7.5
3145,2760
3146,5
3147,1500
3148,1
3149,750
3150,25
3151,42
3152,4
3153,40
3154,13.4
3155,0.4
3156,0.8
3157,0.2
3158,36
3159,8
3160,25.6
3161,390
3162,1760
3163,20%
3164,1.44
3165,384
3166,30
3167,36
3168,9
3169,6
3170,20
3171,40
3172,32
3173,29
3174,82
3175,79
3176,2513
3177,7
3178,624
3179,46
3180,900
3181,36.3
3182,5.4
3183,5.3
3184,720
3185,180
3186,5.5
3187,3776
3188,699
3189,7.5
3190,72
3191,170
3192,179
3193,60
3194,270
3195,30
3196,52
3197,6400
3198,1800
3199,764
3200,70
3201,80
3202,3600
3203,4000
3204,192
3205,3
3206,700
3207,200
3208,67
3209,85
3210,120
3211,39.72
3212,72
3213,8
3214,9
3215,75
3216,600
3217,800
3218,26
3219,130
3220,9
3221,4
3222,15
3223,360
3224,360
3225,75
3226,160
3227,3
3228,30
3229,9
3230,2590
3231,384
3232,3600
3233,468
3234,37
3235,3364
3236,936
3237,3250
3238,275
3239,75
3240,176
3241,13500
3242,1150
3243,1160
3244,1600
3245,5
3246,1700
3247,360
3248,2600
3249,18000
3250,280
3251,78
3252,300
3253,1200
3254,30
3255,60
3256,25
3257,3
3258,8
3259,4
3260,2178
3261,8
3262,37.5
3263,20
3264,3
3265,9
3266,68
3267,490
3268,15
3269,186
3270,225
3271,24
3272,27
3273,8
3274,75
3275,336
3276,180
3277,35
3278,305
3279,625
3280,784
3281,5000
3282,7
3283,162
3284,1208
3285,43
3286,17
3287,7
3288,67
3289,900
3290,250
3291,27
3292,120
3293,9
3294,69
3295,16
3296,86
3297,200
3298,1000
3299,105
3300,7
3301,164
3302,276
3303,169
3304,149
3305,11
3306,447
3307,477
3308,93
3309,39
3310,112
3311,660
3312,78
3313,9
3314,31
3315,7
3316,63
3317,315
3318,363
3319,8
3320,220
3321,54
3322,605
3323,21
3324,7680
3325,60
3326,200
3327,9750
3328,1425
3329,32
3330,75
3331,90
3332,250
3333,1440
3334,420
3335,90
3336,167
3337,20
3338,768
3339,192
3340,200
3341,720
3342,95
3343,4
3344,798
3345,16
3346,100
3347,15
3348,2400
3349,198
3350,32
3351,13
3352,13
3353,48
3354,39
3355,2600
3356,784
3357,130
3358,60
3359,86
3360,550
3361,520
3362,204
3363,504
3364,27
3365,40
3366,37
3367,300
3368,119
3369,10
3370,13500
3371,13590
3372,976
3373,2160
3374,700
3375,137.142857
3376,7
3377,910
3378,300
3379,256
3380,27
3381,943
3382,90
3383,167
3384,1770
3385,84
3386,25
3387,15
3388,24
3389,25
3390,98
3391,432
3392,960
3393,60
3394,40
3395,130
3396,24
3397,65
3398,60
3399,100
3400,845
3401,90
3402,45
3403,72
3404,15
3405,46
3406,266
3407,150
3408,70
3409,20
3410,125
3411,6
3412,27
3413,4290
3414,20
3415,192
3416,10
3417,47.5
3418,16
3419,195
3420,56
3421,71
3422,552
3423,7940
3424,1734
3425,9
3426,3240
3427,432
3428,8
3429,25
3430,7
3431,38
3432,2400
3433,12
3434,95
3435,25.36
3436,9
3437,19
3438,200
3439,78
3440,0.84
3441,480
3442,70
3443,11
3444,4275
3445,227
3446,770
3447,3
3448,90
3449,96
3450,1400
3451,260
3452,5200
3453,11
3454,76
3455,138
3456,6
3457,28
3458,10
3459,3
3460,76
3461,3
3462,15
3463,384
3464,27
3465,6
3466,170
3467,180
3468,79
3469,475
3470,9.6
3471,7
3472,11.6
3473,1020
3474,11
3475,750
3476,27
3477,26
3478,8
3479,600
3480,970
3481,3.5
3482,20
3483,45
3484,800
3485,48
3486,20
3487,36
3488,360
3489,90
3490,20
3491,192
3492,12
3493,88.4
3494,100
3495,15
3496,9
3497,3
3498,3.5
3499,9
3500,6
3501,16
3502,52
3503,800
3504,4
3505,3120
3506,19
3507,70
3508,225
3509,64
3510,300
3511,420
3512,12.5
3513,937.5
3514,21.75
3515,5760
3516,136
3517,6
3518,30
3519,525
3520,192
3521,8
3522,24
3523,6
3524,48
3525,2000
3526,60
3527,72
3528,2.5
3529,10
3530,40
3531,12.5
3532,7.6
3533,298
3534,0.2
3535,0.1
3536,10
3537,6
3538,192
3539,376
3540,75
3541,2400
3542,12180
3543,2650
3544,6
3545,5
3546,15
3547,1494
3548,588
3549,2000
3550,7
3551,37.5
3552,15
3553,3790
3554,205
3555,720
3556,117
3557,7
3558,25000
3559,270
3560,408
3561,1400
3562,928
3563,9
3564,380
3565,166
3566,76
3567,4692
3568,1512
3569,2
3570,12
3571,6
3572,7
3573,35
3574,30
3575,2200
3576,37
3577,26
3578,19
3579,26
3580,4320
3581,76
3582,74
3583,46
3584,405
3585,42
3586,60
3587,915
3588,7200
3589,9
3590,4500
3591,60
3592,57.6
3593,16
3594,7.5
3595,1760
3596,77
3597,7
3598,23
3599,7
3600,164
3601,79568
3602,74
3603,459
3604,1500
3605,640
3606,40
3607,15
3608,20
3609,6
3610,9
3611,25
3612,645.6
3613,624
3614,945
3615,8
3616,568
3617,112
3618,8
3619,160
3620,174
3621,6
3622,450
3623,133
3624,10
3625,4960
3626,216
3627,96
3628,1080
3629,195
3630,1200
3631,920
3632,796
3633,13000
3634,3550
3635,175
3636,140
3637,467
3638,16
3639,390
3640,78
3641,7
3642,120
3643,4500
3644,23.125
3645,24
3646,36
3647,2450
3648,3
3649,630
3650,20
3651,6
3652,48
3653,200
3654,114
3655,6
3656,169
3657,915
3658,70
3659,562
3660,24
3661,2300
3662,7.5
3663,63
3664,17
3665,516
3666,92
3667,260
3668,750
3669,192
3670,3600
3671,1728
3672,13
3673,100
3674,14.5
3675,704
3676,7890
3677,1298
3678,0.55
3679,5920
3680,1760
3681,1260
3682,12
3683,15
3684,10
3685,75
3686,1536
3687,400
3688,1000
3689,96
3690,120
3691,5
3692,8
3693,38
3694,1138
3695,504
3696,200
3697,2
3698,1400
3699,203
3700,1632
3701,190
3702,960
3703,6
3704,1350
3705,7
3706,4500
3707,96
3708,17
3709,44
3710,6
3711,74
3712,18090
3713,6
3714,180
3715,5
3716,10000
3717,497
3718,22
3719,684
3720,11
3721,312
3722,700
3723,72
3724,14175
3725,8
3726,64
3727,100
3728,11
3729,25
3730,1575
3731,84
3732,200
3733,46
3734,534
3735,1000
3736,107
3737,3640
3738,496
3739,14000
3740,459
3741,1500
3742,714
3743,5920
3744,100
3745,450
3746,212
3747,9
3748,150
3749,9
3750,900
3751,1050
3752,250
3753,288
3754,1332
3755,7200
3756,37
3757,56
3758,3360
3759,5000
3760,18000
3761,116
3762,72
3763,6
3764,3.2
3765,11
3766,12
3767,2230
3768,300
3769,6
3770,47
3771,2160
3772,108
3773,7
3774,780
3775,11
3776,16000
3777,75
3778,76325
3779,2.5
3780,552
3781,16
3782,10
3783,210
3784,30
3785,8
3786,7090
3787,48
3788,414
3789,527
3790,0.65
3791,3470
3792,178
3793,64
3794,270
3795,93.6
3796,24
3797,6
3798,98
3799,122
3800,1100
3801,4.9
3802,7950
3803,3
3804,15
3805,84
3806,1779
3807,4000
3808,54
3809,7
3810,162
3811,144
3812,48
3813,150
3814,750
3815,20
3816,595
3817,20
3818,45
3819,36
3820,12750
3821,40
3822,36
3823,10
3824,120
3825,5
3826,36
3827,15
3828,480
3829,1710
3830,196
3831,34.56
3832,14000
3833,14
3834,192
3835,75
3836,896
3837,14
3838,45
3839,7950
3840,8100
3841,1232
3842,192
3843,1073
3844,1
3845,7
3846,7
3847,576
3848,15
3849,720
3850,97
3851,256
3852,0.5
3853,54
3854,2160
3855,50
3856,576
3857,0
3858,455
3859,75
3860,960
3861,96
3862,140
3863,1680
3864,468
3865,3600
3866,1760
3867,375
3868,368
3869,2000
3870,10
3871,40
3872,14
3873,1440
3874,30
3875,5760
3876,54
3877,120
3878,700
3879,2800
3880,9.6
3881,10
3882,75
3883,6
3884,29
3885,7
3886,1800
3887,64
3888,1600
3889,7200
3890,144
3891,80
3892,1.64
3893,108
3894,8
3895,24
3896,270
3897,27
3898,12
3899,17
3900,6
3901,18
3902,36
3903,3600
3904,3
3905,6
3906,144
3907,168
3908,12.5
3909,3.2
3910,410
3911,6
3912,91
3913,195
3914,16274
3915,6960
3916,1320
3917,20
3918,3360
3919,312
3920,75
3921,700
3922,2100
3923,33
3924,750
3925,2.5
3926,5
3927,90
3928,225
3929,190
3930,176
3931,4.08
3932,48
3933,39
3934,175
3935,25
3936,1600
3937,35
3938,731
3939,756
3940,404
3941,1247
3942,7
3943,768
3944,13.6
3945,6
3946,291
3947,2.5
3948,40
3949,7
3950,945
3951,420
3952,7
3953,54.36
3954,462
3955,1600
3956,964
3957,20
3958,12
3959,12
3960,90
3961,72
3962,48
3963,375
3964,774
3965,70
3966,45
3967,6
3968,176
3969,12
3970,400
3971,80
3972,555
3973,98
3974,96
3975,40
3976,11
3977,20
3978,39
3979,12
3980,14
3981,967
3982,12
3983,1800
3984,90
3985,950
3986,52
3987,7.5
3988,192
3989,28
3990,1720
3991,8
3992,30900
3993,60
3994,720
3995,13
3996,9
3997,46
3998,60
3999,17
4000,42
4001,21
4002,1695
4003,1674
4004,4334
4005,48
4006,60
4007,9
4008,60
4009,170
4010,740
4011,8
4012,160
4013,10
4014,195
4015,90
4016,20
4017,206
4018,10.2
4019,12.6
4020,22
4021,2.7
4022,7
4023,360
4024,120
4025,4200
4026,3092
4027,4
4028,800
4029,3.2
4030,24
4031,12
4032,30
4033,960
4034,41
4035,9
4036,4
4037,72
4038,4680
4039,179.5
4040,32
4041,625
4042,10
4043,800
4044,12
4045,160
4046,2400
4047,1800
4048,82
4049,192
4050,120
4051,3
4052,160
4053,16
4054,6
4055,162
4056,12
4057,270
4058,207
4059,26
4060,200
4061,9630
4062,576
4063,675
4064,6
4065,410
4066,178
4067,2160
4068,24
4069,956
4070,7.2
4071,3000
4072,79
4073,220
4074,1400
4075,196
4076,30
4077,6
4078,9.5
4079,962.5
4080,12
4081,120
4082,705
4083,1672
4084,11
4085,510
4086,122
4087,1442
4088,24000
4089,10
4090,48
4091,930
4092,79.5
4093,20
4094,9600
4095,5174
4096,2
4097,7.5
4098,227.5
4099,1680
4100,45
4101,100
4102,800
4103,17.5
4104,9
4105,1600
4106,120
4107,230.4
4108,69
4109,27.75
4110,6
4111,1.2
4112,6
4113,37
4114,4060
4115,80
4116,9
4117,12
4118,12
4119,690
4120,23
4121,5
4122,48
4123,9
4124,16
4125,60
4126,30000
4127,1075
4128,98
4129,95
4130,789
4131,608
4132,1075
4133,27
4134,170
4135,19
4136,42
4137,6
4138,12.5
4139,1.6
4140,46
4141,117
4142,720
4143,96
4144,1112
4145,700
4146,60
4147,16
4148,12
4149,1163
4150,274
4151,100
4152,10
4153,456
4154,578
4155,7.5
4156,12
4157,428
4158,13
4159,7
4160,375
4161,160
4162,3.14
4163,980
4164,96.25
4165,120
4166,27
4167,600
4168,16
4169,17
4170,8
4171,19.875
4172,768
4173,1600
4174,1152
4175,625
4176,22
4177,172.768
4178,75.36
4179,30
4180,40
4181,6
4182,720
4183,169
4184,96
4185,30
4186,25
4187,72
4188,2.5
4189,4
4190,72
4191,125.6
4192,200
4193,6
4194,96%
4195,28.26
4196,175
4197,192
4198,62.8
4199,27
4200,192
4201,67
4202,33.3%
4203,400
4204,2
4205,22500
4206,13
4207,720
4208,130
4209,790
4210,97
4211,26
4212,90
4213,15
4214,175
4215,30
4216,5
4217,60
4218,150
4219,1050
4220,10
4221,160
4222,96
4223,38.4
4224,12
4225,705.84
4226,70
4227,180
4228,4
4229,75.36
4230,36
4231,70
4232,9.42
4233,12.5%
4234,47.1
4235,32
4236,29
4237,1080
4238,10
4239,69
4240,150
4241,30
4242,40
4243,400
4244,62
4245,1280
4246,700
4247,33
4248,340
4249,1.5
4250,9
4251,39
4252,900
4253,6.15
4254,1.875
4255,3.5
4256,32
4257,6
4258,150
4259,29
4260,16
4261,1092
4262,38
4263,798
4264,224
4265,8
4266,0.9
4267,63
4268,122
4269,7.85
4270,2
4271,44
4272,32
4273,63
4274,64
4275,440
4276,1728
4277,130
4278,22
4279,5616
4280,91.8
4281,75.36
4282,48
4283,40
4284,23
4285,225
4286,17
4287,2700
4288,70
4289,34480
4290,48
4291,6
4292,11
4293,5984
4294,150
4295,144
4296,36
4297,780
4298,224
4299,75
4300,7
4301,20
4302,7200
4303,15
4304,170
4305,60
4306,26
4307,6
4308,6
4309,1000
4310,75
4311,2900
4312,30
4313,288
4314,20%
4315,11.1%
4316,2316
4317,265
4318,375
4319,18
4320,192
4321,6.5
4322,255
4323,10
4324,3
4325,75.36
4326,51.7
4327,2
4328,40
4329,0.76
4330,160
4331,1692
4332,12
4333,288
4334,396
4335,200
4336,120
4337,76
4338,28
4339,64
4340,9.4
4341,570
4342,1080
4343,2400
4344,96
4345,29.8
4346,40
4347,27.6
4348,10%
4349,6.4
4350,15
4351,50
4352,6
4353,16
4354,7.5
4355,7.5
4356,3
4357,96
4358,1.32
4359,12
4360,100
4361,16
4362,3
4363,12
4364,750
4365,300
4366,200
4367,1.466667
4368,1800
4369,36
4370,60
4371,9.63
4372,24
4373,9
4374,19
4375,0.6
4376,60
4377,47
4378,25
4379,9
4380,12.56
4381,96
4382,7
4383,45
4384,294
4385,18
4386,5
4387,2
4388,900
4389,16.67
4390,400
4391,784
4392,7.5
4393,3
4394,29
4395,6400
4396,6400
4397,60000
4398,6
4399,5
4400,10
4401,7000
4402,48
4403,20
4404,90
4405,32
4406,32
4407,9.6
4408,13
4409,7
4410,9
4411,9.8
4412,42
4413,928
4414,1236
4415,2
4416,60
4417,96
4418,1000
4419,270
4420,9
4421,75
4422,12
4423,100
4424,5000
4425,600
4426,7800
4427,9.6
4428,150.72
4429,15.7
4430,19.632
4431,16
4432,0.333333
4433,96
4434,2
4435,800
4436,19.625
4437,9
4438,12.56
4439,12.56
4440,12
4441,1400
4442,10%
4443,2826
4444,175
4445,15
4446,7.5
4447,1500
4448,125.6
4449,125.6
4450,28.26
4451,3
4452,75.36
4453,3.5
4454,7200
4455,28
4456,9450
4457,39
4458,6
4459,60
4460,180
4461,70.7
4462,96
4463,47.87
4464,19.6
4465,28.26
4466,12.56
4467,3.14
4468,75
4469,840
4470,1200
4471,225
4472,36.14
4473,2
4474,34400
4475,75.36
4476,9
4477,16
4478,276
4479,960
4480,3000
4481,360
4482,75.36
4483,3600
4484,960
4485,150
4486,72
4487,7.5
4488,5
4489,50.24
4490,78.5
4491,2.5
4492,62.8
4493,14.5
4494,2200
4495,17
4496,25.12
4497,9
4498,1570
4499,30
4500,99
4501,136.5
4502,6
4503,3600
4504,12.56
4505,70%
4506,18.84
4507,12.56
4508,15.7
4509,1689
4510,25
4511,175
4512,12
4513,7
4514,7
4515,16
4516,6.28
4517,1809.75
4518,19.625
4519,34
4520,0.666667
4521,9
4522,7200
4523,12.56
4524,16.72
4525,9.82
4526,9.82
4527,96
4528,960
4529,1200
4530,60
4531,90
4532,21000
4533,6.5
4534,80
4535,720
4536,90
4537,900
4538,2
4539,471
4540,2700
4541,17
4542,502.4
4543,28.26
4544,72
4545,47.1
4546,4800
4547,24
4548,42
4549,502
4550,50.24
4551,25%
4552,7.536
4553,72
4554,3.1
4555,34
4556,157
4557,47.1
4558,64
4559,30
4560,1
4561,19.625
4562,1.8
4563,20
4564,500
4565,3200
4566,25
4567,39.6
4568,314
4569,97
4570,17
4571,78.5
4572,2
4573,94.2
4574,12.56
4575,6
4576,7
4577,75360
4578,1007.76
4579,7.536
4580,6
4581,1.884
4582,60
4583,40.96
4584,6
4585,6.28
4586,8.072
4587,0.08
4588,420
4589,210
4590,22.5
4591,4
4592,48
4593,942
4594,7
4595,2
4596,6
4597,6
4598,14
4599,195
4600,94.2
4601,314
4602,90
4603,60
4604,1.07784
4605,3.14
4606,128.75
4607,78.5
4608,0.875
4609,5920
4610,30
4611,31.4
4612,19.625
4613,62.8
4614,7.8
4615,10.24
4616,0.75
4617,15504
4618,240
4619,75
4620,12.56
4621,97.6
4622,9
4623,700
4624,7.536
4625,360
4626,40
4627,21.98
4628,180
4629,2.5
4630,37.6
4631,900
4632,72.68
4633,39.2
4634,30
4635,19
4636,196
4637,91
4638,60
4639,28
4640,61
4641,2.5
4642,15.7
4643,69.625
4644,4200
4645,794
4646,10
4647,48
4648,3
4649,75
4650,12.56
4651,20
4652,1200
4653,47.5
4654,1000
4655,0.3
4656,1950
4657,72
4658,20
4659,9.6
4660,49.69
4661,1530
4662,900
4663,20
4664,2
4665,12.56
4666,496
4667,21.98
4668,14
4669,7850
4670,700
4671,25.12
4672,36.9
4673,720
4674,420
4675,3
4676,314
4677,14
4678,15.15
4679,75.36
4680,48
4681,0.160714
4682,20%
4683,11
4684,942
4685,10
4686,3
4687,200
4688,900
4689,0.01
4690,2.7
4691,10
4692,79.5
4693,113.04
4694,18.84
4695,1756.24
4696,60
4697,0.9
4698,27.5
4699,314
4700,1413
4701,60.73
4702,1.887
4703,0.674157
4704,6
4705,20
4706,4000
4707,49
4708,429
4709,39
4710,20%
4711,198
4712,2826
4713,112
4714,70.74
4715,1.6
4716,7.8536
4717,28.26
4718,720
4719,7.5
4720,1.5
4721,562
4722,894
4723,20
4724,28.26
4725,97.5
4726,27
4727,20
4728,78.5
4729,60
4730,2.5
4731,960
4732,1250
4733,36
4734,13600
4735,150.72
4736,188
4737,15
4738,1500
4739,1000
4740,25.12
4741,39.625
4742,10
4743,25.12
4744,729
4745,4900.5
4746,12
4747,44
4748,942.48
4749,174.16
4750,120
4751,24
4752,50.24
4753,362
4754,750
4755,6750
4756,12.56
4757,54
4758,3
4759,1333333333333333248
4760,16.54
4761,6
4762,7.6
4763,0.04
4764,2020
4765,16
4766,9.42
4767,314
4768,10
4769,12.56
4770,75.36
4771,12.56
4772,10.905
4773,3.9
4774,40
4775,60
4776,75.36
4777,19.625
4778,12.5%
4779,37.68
4780,31.4
4781,141.34
4782,20
4783,162
4784,528
4785,78500
4786,600
4787,2.7
4788,6
4789,0.785
4790,30
4791,269.5
4792,70.632
4793,2512
4794,60
4795,75.36
4796,706.5
4797,9.848
4798,1.5
4799,47.1
4800,65.3
4801,200.336
4802,5
4803,10
4804,75
4805,803.76
4806,54
4807,94.2
4808,47.1
4809,2.51536
4810,113.04
4811,1884
4812,62.8
4813,200
4814,25
4815,216
4816,70%
4817,2.275
4818,15
4819,1900
4820,19
4821,172.928
4822,9.42
4823,205
4824,4.4
4825,150
4826,4.8
4827,20
4828,9.45
4829,314
4830,314
4831,2826
4832,168
4833,7
4834,459.25
4835,60
4836,10.9
4837,56.52
4838,50
4839,28.26
4840,11
4841,20
4842,2160
4843,70.2
4844,17.5
4845,750
4846,5
4847,24
4848,696
4849,299
4850,2.5
4851,40
4852,48
4853,373
4854,0.533333
4855,40
4856,180
4857,6000
4858,40
4859,0.1
4860,4
4861,78.5
4862,3
4863,0.75
4864,6
4865,12.56
4866,15
4867,6
4868,189
4869,47
4870,49
4871,2
4872,50
4873,7536
4874,7536
4875,50.24
4876,314
4877,502.4
4878,240000
4879,2
4880,28.26
4881,8
4882,50
4883,0.111111
4884,40
4885,75
4886,15
4887,6
4888,37
4889,14
4890,3
4891,60
4892,60
4893,900
4894,20
4895,6
4896,75
4897,195
4898,6
4899,15
4900,90
4901,18
4902,39
4903,980
4904,12.56
4905,12.56
4906,20
4907,2.5
4908,75
4909,92
4910,48
4911,113.04
4912,6
4913,6
4914,5
4915,79
4916,39
4917,36
4918,3
4919,60
4920,64
4921,939
4922,10.4
4923,2
4924,2
4925,27
4926,6000
4927,1710
4928,300
4929,6
4930,640
4931,30
4932,7.5
4933,0.8
4934,51.5
4935,6
4936,6
4937,15
4938,0.8
4939,3.75
4940,32
4941,0.166667
4942,11
4943,75
4944,67.5
4945,3.2
4946,1.5
4947,158.5
4948,7
4949,7
4950,19
4951,6
4952,6
4953,6
4954,1760
4955,0.25
4956,62
4957,12
4958,6
4959,50.24
4960,12.56
4961,120
4962,17.1%
4963,15
4964,2.4
4965,50
4966,83
4967,160
4968,52
4969,62
4970,72
4971,45
4972,68
4973,43
4974,28
4975,63
4976,21
4977,18
4978,17
4979,7
4980,56
4981,9
4982,84
4983,56
4984,75
4985,18
4986,16
4987,24
4988,27
4989,12
4990,35
4991,18
4992,4
4993,5
4994,4
4995,24
4996,12
4997,24
4998,94
4999,9
5000,36
5001,27
5002,32
5003,60
5004,78
5005,115
5006,36
5007,33
5008,8
5009,23
5010,57
5011,47
5012,8
5013,5
5014,7
5015,18
5016,6
5017,6
5018,26
5019,8
5020,8
5021,28
5022,47
5023,6
5024,9
5025,57
5026,81
5027,19
5028,28
5029,20
5030,20
5031,46
5032,44
5033,27
5034,17
5035,10
5036,2
5037,11
5038,48
5039,72
5040,8
5041,4
5042,25
5043,31
5044,60
5045,19
5046,3
5047,4
5048,9
5049,18
5050,23
5051,9
5052,11
5053,35
5054,31
5055,91
5056,47
5057,80
5058,56
5059,26
5060,81
5061,12
5062,55
5063,55
5064,6
5065,18
5066,10
5067,79
5068,91
5069,80
5070,3
5071,51
5072,84
5073,16
5074,24
5075,57
5076,26
5077,7
5078,42
5079,7
5080,27
5081,30
5082,61
5083,16
5084,6
5085,66
5086,32
5087,24
5088,6
5089,33
5090,32
5091,14
5092,24
5093,23
5094,8
5095,6
5096,8
5097,16
5098,15
5099,18
5100,8
5101,18
5102,6
5103,15
5104,67
5105,18
5106,33
5107,7
5108,19
5109,30
5110,87
5111,21
5112,18
5113,27
5114,184
5115,75
5116,2
5117,50
5118,942
5119,28
5120,11
5121,1600
5122,600
5123,6
5124,5290
5125,44
5126,26
5127,19
5128,200
5129,6
5130,2.4
5131,150
5132,269
5133,36
5134,75
5135,30
5136,13.5
5137,10
5138,12
5139,157
5140,50.24
5141,4.186667
5142,4.75
5143,2597
5144,3
5145,2
5146,160
5147,500
5148,19.68
5149,79
5150,1862
5151,7
5152,1200
5153,75
5154,16.2
5155,4680
5156,70.625
5157,40
5158,2750
5159,240
5160,40
5161,270
5162,30
5163,17
5164,4000
5165,20
5166,96
5167,273
5168,30
5169,1884
5170,274
5171,12.56
5172,0.96
5173,750
5174,30
5175,25
5176,125
5177,12
5178,1004.32
5179,2700
5180,70
5181,2
5182,4400
5183,90
5184,60
5185,2.5
5186,1900
5187,2920
5188,7.8
5189,13000
5190,2
5191,9
5192,36
5193,16
5194,90
5195,180
5196,69
5197,80
5198,6
5199,0.5
5200,960
5201,0.06
5202,9
5203,7
5204,72
5205,36.3
5206,5
5207,300
5208,11
5209,2.67
5210,60
5211,16
5212,1700
5213,750
5214,70
5215,9
5216,18
5217,49.62
5218,17
5219,157
5220,260
5221,20
5222,400
5223,80
5224,4000
5225,36
5226,125
5227,4
5228,32
5229,5000
5230,19.7
5231,16
5232,26.3
5233,63
5234,3360
5235,5600
5236,921.6
5237,7.069
5238,27
5239,27
5240,5
5241,2300
5242,600
5243,31.4
5244,1600
5245,48
5246,15
5247,38
5248,9
5249,19
5250,6
5251,20
5252,40
5253,32
5254,27
5255,76
5256,7
5257,7
5258,33
5259,75
5260,39
5261,1750
5262,170
5263,455
5264,0.5
5265,6
5266,7
5267,118.75
5268,3240
5269,9
5270,16
5271,5
5272,6
5273,35
5274,2000
5275,72
5276,120
5277,973.2
5278,25%
5279,2600
5280,17
5281,3.2
5282,72
5283,1800
5284,160
5285,14.13
5286,28.26
5287,6.28
5288,27.5
5289,6
5290,96
5291,20
5292,20
5293,1503
5294,4
5295,320
5296,75
5297,3
5298,13.5
5299,1800
5300,39.84
5301,753.33
5302,60
5303,100
5304,75
5305,752
5306,36
5307,43
5308,290
5309,400
5310,297.5
5311,12.6
5312,12
5313,27
5314,12
5315,100
5316,53
5317,70
5318,160
5319,1700
5320,300
5321,160
5322,48
5323,7.069
5324,150.74
5325,190
5326,50
5327,30
5328,20
5329,20000
5330,2000
5331,76
5332,1
5333,167
5334,33.75
5335,7200
5336,144
5337,120
5338,70
5339,52
5340,980
5341,2700
5342,50
5343,384
5344,37.68
5345,75.36
5346,12
5347,225
5348,7
5349,250
5350,3360
5351,1320
5352,176
5353,2600
5354,18
5355,1800
5356,9
5357,640
5358,10
5359,12
5360,1.887
5361,1.5
5362,16
5363,790
5364,10
5365,50
5366,4000
5367,20
5368,1.98
5369,0.656699
5370,990
5371,6
5372,9000
5373,2970
5374,20
5375,25
5376,60
5377,20
5378,2730
5379,200
5380,0.9
5381,40
5382,1250
5383,17768
5384,150
5385,50
5386,14
5387,1300
5388,2
5389,19
5390,8
5391,8
5392,1.8
5393,49
5394,8
5395,15
5396,600
5397,20000
5398,144
5399,35
5400,245
5401,750
5402,9
5403,78
5404,33
5405,9.636
5406,176
5407,600
5408,210
5409,45
5410,30
5411,39
5412,16.8
5413,91
5414,157.98
5415,776.025
5416,92
5417,704
5418,480
5419,440
5420,1980
5421,2.5
5422,2.5
5423,5.76
5424,1.92
5425,1.5
5426,30
5427,72
5428,54
5429,900
5430,48
5431,36
5432,8
5433,760
5434,10000
5435,960
5436,492
5437,1.5
5438,1800
5439,60
5440,256
5441,24
5442,60
5443,7
5444,27.5
5445,0.32
5446,38
5447,2.9
5448,2.7
5449,0.5
5450,2.7
5451,60
5452,1980
5453,115
5454,960
5455,24
5456,2.5
5457,499.6
5458,3.14
5459,100
5460,195
5461,3.14
5462,9.6
5463,270
5464,5
5465,320
5466,16
5467,2
5468,1.75
5469,17.2
5470,25
5471,1200
5472,9.42
5473,1.8
5474,20
5475,16
5476,1.5
5477,24
5478,125
5479,18000
5480,7200
5481,6
5482,6
5483,2.75
5484,1.25
5485,2.5
5486,23
5487,195
5488,100
5489,6
5490,79
5491,20
5492,7
5493,53
5494,190
5495,42
5496,10
5497,6
5498,1650
5499,37.5
5500,7
5501,76
5502,3
5503,900
5504,360
5505,60
5506,7.5
5507,1950
5508,365
5509,700
5510,6
5511,800
5512,32
5513,7
5514,90
5515,35
5516,4791.25
5517,24000
5518,70
5519,5455
5520,76
5521,320
5522,37.5
5523,1920
5524,35
5525,2.4
5526,126
5527,120
5528,29.3
5529,600
5530,75
5531,2000
5532,5377.5
5533,48
5534,4
5535,1
5536,5400
5537,471
5538,10.7
5539,100
5540,10
5541,60
5542,270
5543,390
5544,7
5545,18
5546,30
5547,59
5548,5
5549,45
5550,2700
5551,960
5552,960
5553,12
5554,10
5555,6600
5556,90
5557,170
5558,2.5
5559,20
5560,24
5561,180
5562,12000
5563,490
5564,12
5565,4
5566,9
5567,60
5568,8
5569,60
5570,12
5571,7
5572,168
5573,17500
5574,166.7
5575,7
5576,4
5577,12.56
5578,13.75
5579,140
5580,40.8
5581,16
5582,179.6
5583,280
5584,100
5585,9
5586,70
5587,365
5588,300
5589,34
5590,2.7
5591,2880
5592,95
5593,900
5594,62.5
5595,720
5596,399
5597,51
5598,7
5599,2700
5600,728
5601,1250
5602,4950
5603,2.3875
5604,80
5605,75
5606,9950
5607,9
5608,13
5609,440
5610,7.98
5611,60
5612,7.2
5613,7.875
5614,37
5615,94.3
5616,12.56
5617,4320
5618,7.5
5619,97.5
5620,150
5621,7536
5622,47.1
5623,5
5624,60
5625,20
5626,8100
5627,20
5628,270
5629,496
5630,250
5631,1497
5632,42
5633,2700
5634,250
5635,94.2
5636,750
5637,7049.5
5638,30
5639,63
5640,12.5
5641,1072
5642,2250
5643,120
5644,7.5
5645,168
5646,6
5647,28.26
5648,79
5649,140
5650,75
5651,28.26
5652,520
5653,450
5654,1.6
5655,57
5656,50
5657,5.5
5658,9
5659,25
5660,320
5661,32
5662,80
5663,2.5
5664,2.25
5665,64
5666,30
5667,120
5668,30
5669,4
5670,500
5671,2.24
5672,270
5673,60
5674,960
5675,628
5676,9675
5677,36
5678,46
5679,1500
5680,500
5681,79.5
5682,376.8
5683,5
5684,60
5685,0.4
5686,50
5687,605
5688,753.6
5689,2250
5690,25
5691,1200
5692,13
5693,67
5694,900
5695,100
5696,2250
5697,1600
5698,15
5699,72
5700,7.536
5701,60
5702,50
5703,16
5704,42
5705,80
5706,67.5
5707,2400
5708,16
5709,12900
5710,2.95
5711,36
5712,64
5713,800
5714,1
5715,34.53
5716,115
5717,8
5718,192
5719,9
5720,945
5721,90.48
5722,30.86
5723,5
5724,915
5725,75
5726,0.9
5727,300
5728,10
5729,4
5730,9
5731,680
5732,960
5733,179.8
5734,5792
5735,7
5736,1751.04
5737,425
5738,3460
5739,45000
5740,8
5741,6.4
5742,10
5743,27.5
5744,597
5745,900
5746,176
5747,16
5748,2000
5749,19.61
5750,696
5751,392
5752,360
5753,275
5754,232
5755,90
5756,142
5757,23
5758,160
5759,19.2
5760,40
5761,7.5
5762,150
5763,79
5764,35
5765,16
5766,2112
5767,28.8
5768,480
5769,25
5770,25
5771,80
5772,150
5773,120
5774,24
5775,9000
5776,30
5777,160
5778,26
5779,11
5780,68
5781,7
5782,192
5783,9
5784,30
5785,3500
5786,670
5787,44
5788,11775
5789,200
5790,90
5791,78
5792,17200
5793,9170
5794,400
5795,162
5796,420
5797,6
5798,320
5799,10.42
5800,1620
5801,32
5802,175
5803,75.36
5804,3
5805,15
5806,40
5807,255
5808,60
5809,80
5810,12
5811,2.5
5812,17
5813,750
5814,245
5815,20
5816,150
5817,154
5818,5.5
5819,90
5820,1.8
5821,36
5822,5
5823,30
5824,76
5825,5
5826,8000
5827,19
5828,75
5829,25780
5830,2550
5831,600
5832,7000
5833,4
5834,47.5
5835,1500
5836,62.8
5837,3.6
5838,471
5839,90.4
5840,10
5841,4
5842,20
5843,2.7
5844,57
5845,67
5846,200
5847,2400
5848,137.5
5849,39.72
5850,9
5851,93.75
5852,25
5853,960
5854,7
5855,9600
5856,7200
5857,1200
5858,720
5859,24
5860,6
5861,1
5862,153.9
5863,938
5864,20
5865,1.17
5866,135
5867,3
5868,0.625
5869,3.67
5870,18
5871,12
5872,2600
5873,0.4
5874,60
5875,756
5876,24
5877,72
5878,25
5879,90
5880,49
5881,411
5882,29.5
5883,250
5884,18
5885,100
5886,14.375
5887,9
5888,2
5889,68
5890,34
5891,90
5892,404
5893,27.9
5894,1980
5895,8
5896,750
5897,0.9
5898,5776
5899,5
5900,3
5901,5
5902,9.78
5903,12.5
5904,17100
5905,440
5906,96
5907,9
5908,21
5909,7
5910,47
5911,9
5912,16
5913,33
5914,30
5915,7
5916,3
5917,7
5918,50
5919,60
5920,46
5921,8
5922,8
5923,18
5924,34
5925,42
5926,36
5927,18
5928,694
5929,911
5930,6
5931,700
5932,4
5933,72
5934,42
5935,14
5936,33
5937,8
5938,6
5939,35
5940,12
5941,20
5942,10
5943,15
5944,15
5945,1
5946,10
5947,36
5948,46
5949,56
5950,3
5951,4
5952,12
5953,11
5954,9
5955,42
5956,21
5957,42
5958,72
5959,44
5960,20
5961,50
5962,18
5963,36
5964,33
5965,24
5966,16
5967,53
5968,31
5969,3
5970,70
5971,53
5972,4
5973,3
5974,5
5975,4
5976,24
5977,8
5978,2
5979,12
5980,9
5981,41
5982,9
5983,4
5984,22
5985,60
5986,9
5987,34
5988,17
5989,27
5990,10
5991,4
5992,15
5993,18
5994,18
5995,20
5996,6
5997,4
5998,8
5999,5
6000,7
6001,21
6002,6
6003,6
6004,26
6005,47
6006,6
6007,9
6008,57
6009,81
6010,19
6011,28
6012,20
6013,20
6014,46
6015,44
6016,27
6017,8
6018,4
6019,25
6020,31
6021,60
6022,19
6023,3
6024,4
6025,9
6026,18
6027,23
6028,9
6029,11
6030,35
6031,31
6032,91
6033,47
6034,80
6035,56
6036,26
6037,81
6038,55
6039,6
6040,97
6041,51
6042,84
6043,16
6044,24
6045,57
6046,26
6047,7
6048,36
6049,21
6050,9
6051,24
6052,29
6053,27
6054,25
6055,88
6056,57
6057,7
6058,16
6059,8
6060,71
6061,81
6062,19
6063,91
6064,26
6065,14
6066,23
6067,27
6068,27
6069,24
6070,19
6071,9
6072,24
6073,80
6074,7
6075,20
6076,4
6077,20
6078,3
6079,25
6080,7
6081,6
6082,18
6083,53
6084,41
6085,37
6086,45
6087,19
6088,16
6089,31
6090,38
6091,11
6092,84
6093,40
6094,44
6095,30
6096,20
6097,35
6098,45
6099,25
6100,8
6101,8
6102,14
6103,27
6104,10
6105,72
6106,34
6107,9
6108,6
6109,3
6110,18
6111,4
6112,19
6113,10
6114,7
6115,7
6116,27
6117,30
6118,63
6119,16
6120,6
6121,66
6122,32
6123,6
6124,33
6125,32
6126,14
6127,24
6128,23
6129,8
6130,6
6131,8
6132,16
6133,15
6134,18
6135,8
6136,18
6137,6
6138,15
6139,67
6140,18
6141,30
6142,67
6143,26
6144,27
6145,21
6146,18
6147,27
6148,184
6149,2
6150,2
6151,80
6152,68
6153,26
6154,20
6155,30
6156,270
6157,141
6158,592
6159,492
6160,4
6161,40
6162,150
6163,5
6164,0.8
6165,2
6166,9
6167,2513
6168,50
6169,720
6170,3776
6171,31
6172,16
6173,1800
6174,30
6175,300
6176,950
6177,2400
6178,1.8
6179,7
6180,37
6181,27
6182,88
6183,40
6184,550
6185,605
6186,127
6187,5310
6188,560
6189,703
6190,273
6191,175
6192,500
6193,125
6194,650
6195,1760
6196,240
6197,4200
6198,2016
6199,36
6200,56
6201,32
6202,12
6203,36
6204,30
6205,30
6206,62
6207,44
6208,75
6209,27
6210,78
6211,294
6212,316
6213,73
6214,142
6215,270
6216,149
6217,25
6218,40
6219,5
6220,477
6221,0
6222,129
6223,39
6224,16
6225,9
6226,52
6227,9
6228,9
6229,72
6230,315
6231,369
6232,8
6233,220
6234,14
6235,2200
6236,78
6237,96
6238,121
6239,22
6240,360
6241,63
6242,110
6243,5
6244,6
6245,455
6246,240
6247,76
6248,395
6249,165
6250,5
6251,6
6252,140
6253,200
6254,36
6255,136
6256,78
6257,40
6258,4
6259,225
6260,11
6261,67
6262,1760
6263,1698
6264,91
6265,75
6266,271
6267,9
6268,21
6269,1620
6270,4000
6271,170
6272,400
6273,77
6274,47.8
6275,4200
6276,8
6277,63
6278,250
6279,4
6280,9
6281,396
6282,186
6283,5
6284,17.6
6285,0.75
6286,2.72
6287,20
6288,210
6289,32
6290,24
6291,60
6292,200
6293,27
6294,76.8
6295,9
6296,1200
6297,65
6298,97.78
6299,57.4
6300,24
6301,12
6302,310
6303,390
6304,64
6305,165
6306,14910
6307,315
6308,6
6309,76
6310,167
6311,96
6312,75
6313,26
6314,110
6315,45
6316,24
6317,525
6318,4250
6319,50
6320,2.5
6321,6
6322,4200
6323,364
6324,7
6325,72
6326,3
6327,7950
6328,160
6329,300
6330,6120
6331,1760
6332,730
6333,14210
6334,4800
6335,696
6336,125
6337,900
6338,9
6339,40
6340,176
6341,48
6342,160
6343,600
6344,2200
6345,4
6346,6
6347,18
6348,48
6349,2
6350,20
6351,3600
6352,13
6353,7.5
6354,700
6355,9
6356,12
6357,900
6358,12
6359,15
6360,19
6361,32
6362,11920
6363,30
6364,12
6365,0.2
6366,7.2
6367,2.5
6368,360
6369,798
6370,24
6371,24
6372,45
6373,0.6
6374,8
6375,37
6376,798
6377,192
6378,3.6
6379,2.5
6380,14
6381,10
6382,12
6383,7000
6384,2
6385,120
6386,79
6387,6000
6388,33.5
6389,1.2
6390,45
6391,1.2
6392,9
6393,17.5
6394,100
6395,35
6396,6960
6397,4.2
6398,3.3
6399,1488
6400,280
6401,5000
6402,20
6403,6
6404,100
6405,200
6406,750
6407,886
6408,700
6409,20000
6410,16000
6411,0.7
6412,1400
6413,350
6414,100%
6415,199.58
6416,140.1
6417,40.4
6418,1750
6419,6
6420,540
6421,1764
6422,720
6423,30
6424,95
6425,9
6426,750
6427,180
6428,9
6429,32
6430,13
6431,8.7
6432,104
6433,360
6434,130
6435,240
6436,144
6437,405
6438,16
6439,17
6440,1200
6441,0
6442,8
6443,50
6444,32
6445,86.1
6446,9.08
6447,187
6448,9
6449,65
6450,379.2
6451,32
6452,38
6453,40
6454,72
6455,97.6
6456,1080
6457,0.11
6458,900
6459,648
6460,120
6461,3.75
6462,40
6463,105
6464,2000
6465,2000
6466,16
6467,10
6468,76
6469,27
6470,20
6471,20
6472,26
6473,9
6474,7
6475,3.428571
6476,32
6477,9
6478,4
6479,4
6480,60
6481,23
6482,43.2
6483,10000
6484,11
6485,300
6486,7
6487,49
6488,480
6489,6
6490,4
6491,160
6492,180
6493,90
6494,4
6495,62.8
6496,176
6497,19628
6498,23.2
6499,23.2
6500,46
6501,7.5
6502,6
6503,9
6504,24
6505,600
6506,137
6507,180
6508,95
6509,16
6510,35
6511,140
6512,64
6513,335
6514,368
6515,7
6516,200
6517,156
6518,9.95
6519,4200
6520,25
6521,1960
6522,5
6523,0.67
6524,1
6525,5
6526,400
6527,19.5
6528,70
6529,81
6530,1075
6531,980
6532,32
6533,6
6534,1300
6535,900
6536,179
6537,18
6538,170
6539,40
6540,185
6541,25
6542,2400
6543,222
6544,17
6545,710
6546,2000
6547,200
6548,177
6549,375
6550,4
6551,1800
6552,206
6553,9
6554,4
6555,648
6556,133
6557,375
6558,79
6559,4
6560,20
6561,720
6562,2.25
6563,15
6564,656
6565,35
6566,63
6567,17
6568,22750
6569,800
6570,90
6571,45
6572,1800
6573,1800
6574,12.5
6575,1800
6576,1000
6577,72.9
6578,4410
6579,8
6580,36
6581,320
6582,85
6583,2100
6584,4
6585,7.5
6586,576
6587,34
6588,133.8
6589,8
6590,1792
6591,1330
6592,40
6593,190
6594,900
6595,65
6596,104
6597,6.05
6598,104
6599,2655
6600,2560
6601,2250
6602,66
6603,251.2
6604,38
6605,209
6606,1875
6607,120
6608,18.5
6609,18
6610,42
6611,248
6612,4
6613,24
6614,448
6615,1050
6616,624
6617,697
6618,42
6619,376
6620,6
6621,10
6622,4
6623,648
6624,1320
6625,6
6626,9500
6627,301
6628,600
6629,60
6630,792
6631,13.2
6632,60
6633,67.2
6634,100
6635,5.5
6636,27
6637,36
6638,24
6639,24800
6640,90
6641,62.5
6642,1570
6643,30
6644,552
6645,2
6646,26000
6647,6960
6648,13340
6649,2
6650,224
6651,196
6652,36
6653,625
6654,91
6655,3
6656,27
6657,10
6658,165
6659,540
6660,25
6661,266
6662,7
6663,7
6664,294
6665,10
6666,119
6667,938
6668,90
6669,27
6670,1050
6671,1872
6672,120
6673,925
6674,138
6675,270
6676,25
6677,372
6678,3600
6679,925
6680,45
6681,1680
6682,496
6683,22
6684,1206
6685,96
6686,525
6687,4242
6688,287
6689,792
6690,3
6691,53
6692,2.3
6693,560
6694,240
6695,64
6696,6
6697,2955
6698,1152
6699,9.3
6700,69
6701,600
6702,2.8
6703,13
6704,4830
6705,62.5
6706,45
6707,19
6708,25.2
6709,704
6710,18000
6711,10
6712,67
6713,8
6714,9
6715,7
6716,9
6717,17
6718,22
6719,23
6720,85
6721,3216
6722,900
6723,300
6724,248
6725,1600
6726,80
6727,55
6728,27
6729,0.2
6730,21
6731,29
6732,8
6733,12
6734,19
6735,44
6736,52
6737,89
6738,38
6739,106
6740,10
6741,50
6742,3
6743,26
6744,12
6745,5
6746,2
6747,3
6748,30
6749,32
6750,25
6751,4
6752,39
6753,35
6754,36
6755,80
6756,37
6757,8
6758,33
6759,17
6760,35
6761,45
6762,6
6763,20
6764,4
6765,38
6766,4
6767,70
6768,4
6769,4
6770,6
6771,6
6772,26
6773,60
6774,20
6775,6
6776,9
6777,21
6778,7
6779,17
6780,9
6781,17
6782,45
6783,43
6784,29
6785,39
6786,46
6787,50
6788,7
6789,59
6790,87
6791,6
6792,18
6793,79
6794,54
6795,10
6796,40
6797,45
6798,35
6799,39
6800,79
6801,38
6802,60
6803,22
6804,14
6805,97
6806,30
6807,100
6808,10
6809,27
6810,37
6811,46
6812,40
6813,42
6814,33
6815,47
6816,9
6817,25
6818,57
6819,81
6820,37
6821,11
6822,31
6823,23
6824,7
6825,33
6826,30
6827,38
6828,12
6829,28
6830,33
6831,88
6832,57
6833,14
6834,36
6835,38
6836,46
6837,16
6838,24
6839,12
6840,9
6841,35
6842,5
6843,4
6844,13
6845,16
6846,9
6847,18
6848,4
6849,18
6850,14
6851,7
6852,15
6853,8
6854,18
6855,27
6856,9
6857,8
6858,79.52
6859,178
6860,1020
6861,60
6862,200
6863,6480
6864,680
6865,5
6866,60
6867,95%
6868,9304
6869,1400
6870,192
6871,296
6872,690
6873,1500
6874,3600
6875,144
6876,12
6877,5
6878,260
6879,30
6880,120
6881,15000
6882,108
6883,16
6884,200
6885,200
6886,176
6887,792
6888,60
6889,9
6890,59
6891,56
6892,44
6893,1125
6894,3.6
6895,195
6896,16
6897,560
6898,47.1
6899,300
6900,28.26
6901,0.5
6902,565.2
6903,79
6904,1
6905,98
6906,9
6907,28.5
6908,59
6909,625
6910,47
6911,1950
6912,50
6913,96
6914,86.6
6915,0.02
6916,21.98
6917,150
6918,64.32
6919,486
6920,78
6921,96
6922,0.06
6923,27
6924,601
6925,32
6926,22
6927,7500
6928,75.36
6929,1296
6930,1463.8
6931,9
6932,60
6933,40
6934,1.3
6935,7
6936,18
6937,40
6938,6
6939,4
6940,20%
6941,200
6942,70
6943,115%
6944,14.25
6945,20
6946,15
6947,3
6948,65
6949,67.5
6950,250
6951,31.4
6952,132
6953,63
6954,5.7
6955,75
6956,9
6957,1.8
6958,7
6959,75.36
6960,125
6961,72
6962,7500
6963,176
6964,5
6965,7.52
6966,24
6967,188.4
6968,24
6969,24
6970,20
6971,15
6972,7.5
6973,12
6974,32
6975,150
6976,14
6977,11
6978,96
6979,160
6980,28
6981,29.4%
6982,720
6983,6000
6984,7.5
6985,20
6986,696
6987,124
6988,200
6989,35
6990,9000
6991,1600
6992,96
6993,15
6994,270
6995,1700
6996,900
6997,4.68
6998,300
6999,2200
7000,10
7001,1.2
7002,1
7003,6
7004,16
7005,20
7006,100
7007,170
7008,22.7
7009,9.6
7010,50
7011,28.26
7012,550
7013,200
7014,130
7015,750
7016,150
7017,3
7018,47.44
7019,1720
7020,60
7021,120.89
7022,75
7023,72
7024,5
7025,60
7026,180
7027,2.534
7028,20%
7029,77.76
7030,75
7031,60
7032,1728
7033,60
7034,25%
7035,80
7036,6.857143
7037,11.9%
7038,512
7039,699
7040,2
7041,780
7042,690
7043,390
7044,65
7045,8
7046,270
7047,96
7048,30
7049,3
7050,15.7
7051,142.8
7052,18
7053,2
7054,16
7055,160
7056,28.26
7057,6
7058,9.6
7059,280
7060,94%
7061,27
7062,36.4
7063,4032
7064,37
7065,3.7
7066,2400
7067,2.3
7068,12
7069,75
7070,9.42
7071,2.333333
7072,350
7073,2.5
7074,17.5%
7075,12
7076,780
7077,50
7078,2500
7079,1.5
7080,22.9
7081,120
7082,60
7083,1015
7084,7.5
7085,2.4
7086,199.2
7087,3.1
7088,12
7089,37
7090,96
7091,96
7092,12
7093,270
7094,200
7095,120
7096,4
7097,54
7098,70.7
7099,20
7100,41
7101,1600
7102,780
7103,12.56
7104,2
7105,270
7106,395
7107,6750
7108,6
7109,75
7110,0.333333
7111,36
7112,28.24
7113,10
7114,0.894737
7115,60
7116,960
7117,100.48
7118,188
7119,600
7120,3.5
7121,269.4
7122,700
7123,96
7124,32
7125,9
7126,540
7127,79.166667
7128,160
7129,95
7130,3.14
7131,1.5
7132,24
7133,75
7134,100
7135,25
7136,180
7137,68
7138,100
7139,36
7140,2.72
7141,0.64
7142,600
7143,20%
7144,1
7145,4
7146,91
7147,20%
7148,9
7149,14
7150,6
7151,5
7152,780
7153,17
7154,48
7155,600
7156,360
7157,63
7158,135.1
7159,18
7160,20
7161,650
7162,19
7163,6
7164,128
7165,0.5
7166,496
7167,1760
7168,115
7169,24
7170,1
7171,88
7172,160
7173,75%
7174,25%
7175,73.2
7176,9
7177,1000
7178,100
7179,228
7180,1256
7181,522.5
7182,1400
7183,555
7184,2.6
7185,76
7186,7
7187,768
7188,7
7189,192
7190,137
7191,48
7192,225
7193,90776
7194,6160
7195,3.9
7196,1800
7197,144
7198,17
7199,49.5
7200,6
7201,6
7202,6360
7203,108
7204,5
7205,72
7206,165
7207,7
7208,7200
7209,352
7210,306
7211,0.7
7212,48
7213,4
7214,2.5
7215,125.6
7216,796
7217,34.54
7218,12.56
7219,713
7220,27
7221,2196
7222,27
7223,20%
7224,600
7225,9
7226,7.8
7227,19
7228,32
7229,50
7230,16%
7231,540
7232,300
7233,80
7234,5.5
7235,135
7236,30.9
7237,100
7238,120
7239,100
7240,8
7241,160
7242,32
7243,960
7244,7
7245,610
7246,75
7247,1.92
7248,168
7249,2000
7250,3000
7251,5.6
7252,36
7253,2160
7254,301
7255,79.2
7256,5
7257,100
7258,1200
7259,197
7260,60
7261,90
7262,360
7263,14
7264,256
7265,418
7266,72
7267,280
7268,2
7269,2600
7270,15.7
7271,75.36
7272,12
7273,300
7274,10
7275,75
7276,75
7277,250
7278,600
7279,400
7280,100
7281,120
7282,240
7283,9.1%
7284,25
7285,15
7286,16
7287,11
7288,4
7289,250
7290,96
7291,500
7292,12
7293,180
7294,8000
7295,19.8
7296,240
7297,160
7298,272
7299,64.4
7300,60
7301,0.875
7302,180
7303,90
7304,20000
7305,20
7306,72
7307,900
7308,2200
7309,3.6
7310,700
7311,5
7312,64
7313,296
7314,121.95
7315,24.48
7316,65
7317,251.2
7318,5940
7319,1139.2
7320,21
7321,120
7322,60
7323,2000
7324,70.3
7325,3.5
7326,2000
7327,0.4
7328,1500
7329,16
7330,12
7331,240
7332,0.7536
7333,750
7334,1800
7335,197
7336,2460
7337,34.57
7338,7.5
7339,128
7340,45.475
7341,50
7342,17
7343,6
7344,96
7345,400
7346,697.5
7347,650
7348,31.4
7349,750
7350,90
7351,22
7352,300
7353,90
7354,600
7355,640
7356,56.52
7357,296
7358,9
7359,97
7360,16
7361,940
7362,770
7363,6
7364,190
7365,57
7366,4000
7367,2000
7368,2000
7369,78
7370,12
7371,6
7372,720
7373,42
7374,26
7375,4.444444
7376,0.583333
7377,53.4992
7378,50
7379,705.6
7380,2800
7381,500
7382,4000
7383,30
7384,5
7385,12.56
7386,1024
7387,1500
7388,0.5
7389,14.25
7390,6
7391,0.06
7392,20
7393,314
7394,240
7395,520
7396,1480
7397,70
7398,24
7399,60
7400,64
7401,5.5
7402,9
7403,24
7404,5
7405,720
7406,5.625
7407,9
7408,9.2744
7409,300
7410,98
7411,14
7412,60
7413,150
7414,65
7415,4
7416,1.5
7417,130
7418,195
7419,2
7420,79
7421,4.9
7422,9
7423,96
7424,179
7425,47.5
7426,45
7427,18
7428,80
7429,3600
7430,95%
7431,480
7432,56
7433,2
7434,17
7435,900
7436,79
7437,17.25
7438,27
7439,6
7440,720
7441,4.5
7442,540
7443,0.08
7444,16.67
7445,0.8
7446,14
7447,180
7448,7200
7449,7500
7450,15.7
7451,10
7452,10
7453,165
7454,4
7455,57
7456,60%
7457,24
7458,3.84
7459,4
7460,500
7461,360
7462,64
7463,3600
7464,9.5
7465,675
7466,440
7467,12
7468,1250
7469,150
7470,314
7471,5
7472,20
7473,0.2
7474,147
7475,9
7476,400
7477,2
7478,55
7479,5.12
7480,29
7481,47.5
7482,70
7483,400
7484,2500
7485,180
7486,408
7487,27
7488,11
7489,7600
7490,20
7491,1337
7492,56
7493,80
7494,90
7495,24
7496,9.6
7497,475
7498,3.3
7499,60
7500,79.8225
7501,3.5
7502,1.2
7503,3
7504,1800
7505,238
7506,24
7507,1696
7508,60
7509,20
7510,1.5
7511,720
7512,2850
7513,14
7514,60
7515,750
7516,69
7517,900
7518,3.75
7519,2.5
7520,1650
7521,790
7522,282.6
7523,16
7524,744
7525,96
7526,17560
7527,750000
7528,5
7529,7
7530,75
7531,60
7532,7
7533,400
7534,2240
7535,479.2
7536,190
7537,40
7538,9
7539,3.5
7540,60
7541,16.5
7542,1224
7543,30
7544,60
7545,25.12
7546,70
7547,40.82
7548,975
7549,282.6
7550,75
7551,1570
7552,75
7553,79
7554,62
7555,840
7556,24
7557,1800
7558,72
7559,9
7560,75
7561,6
7562,200
7563,147
7564,40
7565,576
7566,99
7567,17.3
7568,780
7569,950
7570,17
7571,11
7572,25.78
7573,16
7574,9600
7575,3
7576,4
7577,188.4
7578,60.55
7579,0.666667
7580,200
7581,96
7582,27
7583,90
7584,1500
7585,900
7586,1.5
7587,40
7588,40
7589,192
7590,150
7591,17
7592,20
7593,10
7594,70
7595,3678
7596,76
7597,106
7598,162
7599,45
7600,10
7601,10
7602,70.4
7603,24
7604,12
7605,160
7606,512
7607,125
7608,40
7609,37
7610,60
7611,7
7612,36
7613,96
7614,2.56
7615,1.08
7616,2
7617,5
7618,54
7619,24
7620,24
7621,9
7622,30
7623,6
7624,0.26
7625,270
7626,512
7627,57.5
7628,36.55
7629,0.6
7630,3.36
7631,4.4
7632,27
7633,240
7634,90
7635,85
7636,800
7637,13.5
7638,220
7639,60
7640,1.98
7641,0.6
7642,0.875
7643,12
7644,20
7645,20
7646,0.72
7647,18
7648,0.5
7649,0.714286
7650,1120
7651,2650
7652,0.003
7653,2.8
7654,36
7655,2400
7656,0.45
7657,64
7658,20
7659,9.6
7660,1440
7661,32
7662,1.4
7663,0.375
7664,2
7665,0.12
7666,0.166667
7667,5000
7668,9
7669,69
7670,213
7671,30
7672,16
7673,6
7674,6
7675,505
7676,4.5
7677,2340
7678,2
7679,16
7680,16
7681,3968
7682,6000
7683,7
7684,60
7685,30
7686,800
7687,179
7688,0.257143
7689,60
7690,1800
7691,8
7692,8160
7693,26
7694,3
7695,5340
7696,9
7697,19
7698,5
7699,26
7700,9
7701,260
7702,7
7703,9.5
7704,13.35
7705,16.8
7706,3015
7707,70
7708,14
7709,76
7710,72
7711,0.583333
7712,15
7713,0.458333
7714,3
7715,45
7716,49
7717,60.4
7718,1.291667
7719,48
7720,11
7721,52.4
7722,87
7723,30
7724,1350
7725,12
7726,0.4
7727,26.2
7728,222
7729,5
7730,140
7731,882
7732,3.75
7733,0.3
7734,200
7735,562.5
7736,12.5
7737,6
7738,160
7739,96
7740,69
7741,135
7742,36
7743,85
7744,800
7745,170
7746,40
7747,30
7748,294
7749,47
7750,3.75
7751,70
7752,1.8
7753,687
7754,0.2
7755,3.75
7756,20
7757,600
7758,225
7759,0.4
7760,4
7761,6.2
7762,400
7763,8
7764,6
7765,6
7766,3
7767,29200
7768,25
7769,176
7770,164
7771,2865
7772,0.35
7773,300
7774,48
7775,430
7776,1396
7777,35
7778,10
7779,60
7780,7.133333
7781,900
7782,30
7783,50
7784,260
7785,12
7786,19
7787,360
7788,180
7789,150
7790,728.5
7791,26
7792,170
7793,0.428571
7794,11
7795,15
7796,16
7797,0.166667
7798,1260
7799,360
7800,95
7801,75
7802,7500
7803,0.666667
7804,24
7805,36
7806,25
7807,166
7808,300
7809,19
7810,3
7811,72
7812,1.25
7813,30
7814,12
7815,900
7816,0.4
7817,13
7818,64
7819,2550
7820,25
7821,0.7
7822,5476
7823,924
7824,0.1
7825,48
7826,60
7827,0.166667
7828,800
7829,45
7830,72
7831,630
7832,30
7833,23
7834,0.93
7835,37
7836,0.875
7837,7
7838,600
7839,20
7840,96
7841,0.285714
7842,2
7843,27
7844,75
7845,4.8
7846,7
7847,195
7848,43
7849,700
7850,0
7851,0.75
7852,570
7853,7
7854,16
7855,1.25
7856,4
7857,1.9
7858,72
7859,260
7860,33
7861,2.222222
7862,225
7863,3
7864,19.7
7865,7
7866,700
7867,9
7868,4.444444
7869,3
7870,170
7871,0.75
7872,15
7873,12.6
7874,28
7875,0.285714
7876,6
7877,7
7878,250
7879,11
7880,0.375
7881,150
7882,125
7883,0.7
7884,0.016667
7885,0.6
7886,96
7887,0.5
7888,24
7889,36
7890,8
7891,1
7892,3
7893,900
7894,219
7895,91
7896,8176
7897,8.95
7898,900
7899,6
7900,11
7901,10
7902,5
7903,20
7904,5.42
7905,18
7906,624
7907,150
7908,2.7
7909,0.55
7910,8
7911,7.5
7912,8
7913,79.2
7914,2220
7915,0.0625
7916,10
7917,96
7918,0.8
7919,864
7920,0.45
7921,5
7922,0.5
7923,0.625
7924,7
7925,126
7926,150
7927,900
7928,1
7929,360
7930,50
7931,100
7932,0.8
7933,18
7934,87
7935,0.625
7936,0.4
7937,0.4
7938,1000
7939,8
7940,7
7941,13
7942,0.583333
7943,9
7944,400
7945,43
7946,7
7947,14
7948,70
7949,50
7950,10
7951,10
7952,18
7953,12
7954,126
7955,86
7956,60
7957,3696
7958,7.5
7959,135
7960,0.633333
7961,15
7962,110
7963,100
7964,7200
7965,6
7966,10
7967,60
7968,366
7969,39
7970,75
7971,6
7972,528
7973,100
7974,3
7975,290
7976,125
7977,20
7978,7
7979,1
7980,32
7981,336
7982,10
7983,1000
7984,37
7985,70
7986,6
7987,562.5
7988,420
7989,14400
7990,570
7991,72
7992,7
7993,1200
7994,193
7995,6
7996,162
7997,700
7998,0.571429
7999,42
